"chr","QTL","pos_lo","pos_hi","TRAIT","seqid","start","end","locusName","GO","Best.hit.arabi.name","arabi.symbol","arabi.defline","Best.hit.rice.name","rice.defline"
"Chr01K","1K@14.42",4128490,9026722,"Cu63","Chr01K",4145964,4154009,"Pavir.1KG051000","","AT1G53760","","","LOC_Os02g05870","expressed protein"
"Chr01K","1K@14.42",4128490,9026722,"Cu63","Chr01K",4141159,4141683,"Pavir.1KG051085","","","","","",""
"Chr01K","1K@14.42",4128490,9026722,"Cu63","Chr01K",4154267,4168098,"Pavir.1KG051300","GO:0006351,GO:0003899,GO:0003677","AT2G40030","ATNRPD1B,DMS5,DRD3,NRPD1B,NRPE1","nuclear RNA polymerase D1B","LOC_Os02g05880","RNA polymerase Rpb1, domain 2 family protein, expressed"
"Chr01K","1K@14.42",4128490,9026722,"Cu63","Chr01K",4147779,4149319,"Pavir.1KG051377","","","","","",""
"Chr01K","1K@14.42",4128490,9026722,"Cu63","Chr01K",4170380,4173415,"Pavir.1KG051400","","AT1G56200","emb1303","embryo defective 1303","LOC_Os02g05890","EMB1303, putative, expressed"
"Chr01K","1K@14.42",4128490,9026722,"Cu63","Chr01K",4174297,4179221,"Pavir.1KG051500","","AT3G13000","","Protein of unknown function, DUF547","LOC_Os02g05900","ternary complex factor MIP1, putative, expressed"
"Chr01K","1K@14.42",4128490,9026722,"Cu63","Chr01K",4180180,4184195,"Pavir.1KG051600","GO:0005515,GO:0006468,GO:0005524,GO:0004672","AT1G72300","","Leucine-rich receptor-like protein kinase family protein","LOC_Os02g05910","phytosulfokine receptor precursor, putative, expressed"
"Chr01K","1K@14.42",4128490,9026722,"Cu63","Chr01K",4150003,4150593,"Pavir.1KG051754","","","","","",""
"Chr01K","1K@14.42",4128490,9026722,"Cu63","Chr01K",4186212,4189631,"Pavir.1KG051800","GO:0005515,GO:0006468,GO:0005524,GO:0004672","AT1G72300","","Leucine-rich receptor-like protein kinase family protein","LOC_Os02g05930","phytosulfokine receptor precursor, putative, expressed"
"Chr01K","1K@14.42",4128490,9026722,"Cu63","Chr01K",4192356,4194594,"Pavir.1KG052000","","","","","",""
"Chr01K","1K@14.42",4128490,9026722,"Cu63","Chr01K",4188999,4189430,"Pavir.1KG052177","","","","","LOC_Os02g31074","expressed protein"
"Chr01K","1K@14.42",4128490,9026722,"Cu63","Chr01K",4202514,4205958,"Pavir.1KG052200","GO:0005515,GO:0006468,GO:0005524,GO:0004672","AT1G72300","","Leucine-rich receptor-like protein kinase family protein","LOC_Os02g05950","phytosulfokine receptor precursor, putative, expressed"
"Chr01K","1K@14.42",4128490,9026722,"Cu63","Chr01K",4208082,4212376,"Pavir.1KG052300","GO:0005515,GO:0006468,GO:0005524,GO:0004672","AT1G72300","","Leucine-rich receptor-like protein kinase family protein","LOC_Os02g05930","phytosulfokine receptor precursor, putative, expressed"
"Chr01K","1K@14.42",4128490,9026722,"Cu63","Chr01K",4196061,4196330,"Pavir.1KG052377","","","","","LOC_Os02g31074","expressed protein"
"Chr01K","1K@14.42",4128490,9026722,"Cu63","Chr01K",4228266,4230407,"Pavir.1KG052677","GO:0005515","AT1G17240","AtRLP2,RLP2","receptor like protein 2","LOC_Os02g06070","phytosulfokine receptor precursor, putative, expressed"
"Chr01K","1K@14.42",4128490,9026722,"Cu63","Chr01K",4196379,4196678,"Pavir.1KG052754","","","","","LOC_Os02g31074","expressed protein"
"Chr01K","1K@14.42",4128490,9026722,"Cu63","Chr01K",4308072,4310159,"Pavir.1KG053000","GO:0005515","AT1G17240","AtRLP2,RLP2","receptor like protein 2","LOC_Os02g06190","phytosulfokine receptor precursor, putative, expressed"
"Chr01K","1K@14.42",4128490,9026722,"Cu63","Chr01K",4230867,4232243,"Pavir.1KG053054","","","","","",""
"Chr01K","1K@14.42",4128490,9026722,"Cu63","Chr01K",4316585,4317646,"Pavir.1KG053200","","AT4G35210","","Arabidopsis protein of unknown function (DUF241)","LOC_Os08g43870","carrier, putative, expressed"
"Chr01K","1K@14.42",4128490,9026722,"Cu63","Chr01K",4318257,4319391,"Pavir.1KG053300","","AT2G17080","","Arabidopsis protein of unknown function (DUF241)","LOC_Os08g43980","carrier, putative, expressed"
"Chr01K","1K@14.42",4128490,9026722,"Cu63","Chr01K",4320379,4321513,"Pavir.1KG053400","","AT2G17070","","Arabidopsis protein of unknown function (DUF241)","LOC_Os08g43980","carrier, putative, expressed"
"Chr01K","1K@14.42",4128490,9026722,"Cu63","Chr01K",4234117,4235037,"Pavir.1KG053431","","","","","",""
"Chr01K","1K@14.42",4128490,9026722,"Cu63","Chr01K",4323873,4324872,"Pavir.1KG053500","","AT4G35210","","Arabidopsis protein of unknown function (DUF241)","LOC_Os08g43870","carrier, putative, expressed"
"Chr01K","1K@14.42",4128490,9026722,"Cu63","Chr01K",4325555,4326490,"Pavir.1KG053600","","AT2G17080","","Arabidopsis protein of unknown function (DUF241)","LOC_Os08g43980","carrier, putative, expressed"
"Chr01K","1K@14.42",4128490,9026722,"Cu63","Chr01K",4236469,4236882,"Pavir.1KG053808","","","","","",""
"Chr01K","1K@14.42",4128490,9026722,"Cu63","Chr01K",4327669,4328592,"Pavir.1KG053977","","AT2G17070","","Arabidopsis protein of unknown function (DUF241)","LOC_Os08g43980","carrier, putative, expressed"
"Chr01K","1K@14.42",4128490,9026722,"Cu63","Chr01K",4244132,4250291,"Pavir.1KG054185","","","","","",""
"Chr01K","1K@14.42",4128490,9026722,"Cu63","Chr01K",4333611,4339278,"Pavir.1KG054200","","AT2G17070","","Arabidopsis protein of unknown function (DUF241)","LOC_Os08g43980","carrier, putative, expressed"
"Chr01K","1K@14.42",4128490,9026722,"Cu63","Chr01K",4341134,4342702,"Pavir.1KG054300","GO:0005515","AT1G17240","AtRLP2,RLP2","receptor like protein 2","LOC_Os02g06030","phytosulfokine receptor precursor, putative, expressed"
"Chr01K","1K@14.42",4128490,9026722,"Cu63","Chr01K",4329380,4330482,"Pavir.1KG054354","","AT2G17070","","Arabidopsis protein of unknown function (DUF241)","LOC_Os08g43970","carrier, putative, expressed"
"Chr01K","1K@14.42",4128490,9026722,"Cu63","Chr01K",4336972,4345519,"Pavir.1KG054577","","","","","",""
"Chr01K","1K@14.42",4128490,9026722,"Cu63","Chr01K",4354062,4356594,"Pavir.1KG054677","GO:0005515","AT1G17240","AtRLP2,RLP2","receptor like protein 2","LOC_Os02g05930","phytosulfokine receptor precursor, putative, expressed"
"Chr01K","1K@14.42",4128490,9026722,"Cu63","Chr01K",4416977,4418391,"Pavir.1KG054900","","AT5G66170","STR18","sulfurtransferase 18","LOC_Os02g06290","rhodanese-like domain containing protein, putative, expressed"
"Chr01K","1K@14.42",4128490,9026722,"Cu63","Chr01K",4418307,4428613,"Pavir.1KG055000","GO:0005525","AT5G08650","","Small GTP-binding protein","LOC_Os02g06300","GTP-binding protein lepA, putative, expressed"
"Chr01K","1K@14.42",4128490,9026722,"Cu63","Chr01K",4360449,4365192,"Pavir.1KG055054","","AT4G05320","UBQ10","polyubiquitin 10","LOC_Os06g46770","ubiquitin family protein, putative, expressed"
"Chr01K","1K@14.42",4128490,9026722,"Cu63","Chr01K",4428811,4429947,"Pavir.1KG055100","","","","","",""
"Chr01K","1K@14.42",4128490,9026722,"Cu63","Chr01K",4365193,4367156,"Pavir.1KG055431","","","","","LOC_Os02g31074","expressed protein"
"Chr01K","1K@14.42",4128490,9026722,"Cu63","Chr01K",4436818,4439768,"Pavir.1KG055477","","","","","LOC_Os05g46710","expressed protein"
"Chr01K","1K@14.42",4128490,9026722,"Cu63","Chr01K",4244539,4247080,"Pavir.1KG055500","GO:0005515","AT1G17240","AtRLP2,RLP2","receptor like protein 2","LOC_Os02g06070","phytosulfokine receptor precursor, putative, expressed"
"Chr01K","1K@14.42",4128490,9026722,"Cu63","Chr01K",4385237,4386772,"Pavir.1KG055808","","AT5G66170","STR18","sulfurtransferase 18","LOC_Os02g06290","rhodanese-like domain containing protein, putative, expressed"
"Chr01K","1K@14.42",4128490,9026722,"Cu63","Chr01K",4247941,4248330,"Pavir.1KG055877","","","","","",""
"Chr01K","1K@14.42",4128490,9026722,"Cu63","Chr01K",4407776,4408489,"Pavir.1KG056185","","","","","LOC_Os02g31074","expressed protein"
"Chr01K","1K@14.42",4128490,9026722,"Cu63","Chr01K",4250672,4252723,"Pavir.1KG056254","","","","","",""
"Chr01K","1K@14.42",4128490,9026722,"Cu63","Chr01K",4449583,4453689,"Pavir.1KG056300","","AT2G36680","","Modifier of rudimentary (Mod(r)) protein","LOC_Os03g08770","modifier of rudimentary protein, expressed"
"Chr01K","1K@14.42",4128490,9026722,"Cu63","Chr01K",4471289,4472049,"Pavir.1KG056400","","","","","",""
"Chr01K","1K@14.42",4128490,9026722,"Cu63","Chr01K",4477182,4480220,"Pavir.1KG056600","","AT3G26120","TEL1","terminal EAR1-like 1","LOC_Os01g68000","AML1, putative, expressed"
"Chr01K","1K@14.42",4128490,9026722,"Cu63","Chr01K",4252820,4253398,"Pavir.1KG056631","","","","","LOC_Os02g31074","expressed protein"
"Chr01K","1K@14.42",4128490,9026722,"Cu63","Chr01K",4519269,4522283,"Pavir.1KG056700","GO:0005515,GO:0006468,GO:0005524,GO:0004672","AT1G75820","ATCLV1,CLV1,FAS3,FLO5","Leucine-rich receptor-like protein kinase family protein","LOC_Os06g50340","receptor protein kinase CLAVATA1 precursor, putative, expressed"
"Chr01K","1K@14.42",4128490,9026722,"Cu63","Chr01K",4484169,4485099,"Pavir.1KG056977","GO:0006355","AT2G27110","FRS3","FAR1-related sequence 3","LOC_Os11g41380","transposon protein, putative, unclassified, expressed"
"Chr01K","1K@14.42",4128490,9026722,"Cu63","Chr01K",4486604,4491964,"Pavir.1KG057000","","","","","",""
"Chr01K","1K@14.42",4128490,9026722,"Cu63","Chr01K",4255522,4256161,"Pavir.1KG057008","","","","","LOC_Os03g41940","expressed protein"
"Chr01K","1K@14.42",4128490,9026722,"Cu63","Chr01K",4540246,4543652,"Pavir.1KG057077","","","","","",""
"Chr01K","1K@14.42",4128490,9026722,"Cu63","Chr01K",4497569,4500596,"Pavir.1KG057100","","AT5G56420","","F-box/RNI-like/FBD-like domains-containing protein","LOC_Os07g06900","OsFBLD3 - F-box, LRR and FBD domain containing protein, expressed"
"Chr01K","1K@14.42",4128490,9026722,"Cu63","Chr01K",4546353,4550874,"Pavir.1KG057200","","AT3G20290","ATEHD1,EHD1","EPS15 homology domain 1","LOC_Os02g06340","EH domain-containing protein 1, putative, expressed"
"Chr01K","1K@14.42",4128490,9026722,"Cu63","Chr01K",4554253,4561188,"Pavir.1KG057300","GO:0005524,GO:0051082,GO:0006457","AT3G11830","","TCP-1/cpn60 chaperonin family protein","LOC_Os06g47320","T-complex protein, putative, expressed"
"Chr01K","1K@14.42",4128490,9026722,"Cu63","Chr01K",4263335,4265105,"Pavir.1KG057385","","AT1G43760","","DNAse I-like superfamily protein","LOC_Os11g05030","expressed protein"
"Chr01K","1K@14.42",4128490,9026722,"Cu63","Chr01K",4544247,4545331,"Pavir.1KG057454","GO:0006355,GO:0003700","AT3G15210","ATERF-4,ATERF4,ERF4,RAP2.5","ethylene responsive element binding factor 4","LOC_Os02g06330","AP2 domain containing protein, expressed"
"Chr01K","1K@14.42",4128490,9026722,"Cu63","Chr01K",4560362,4561111,"Pavir.1KG057677","GO:0005515","AT3G49670","BAM2","Leucine-rich receptor-like protein kinase family protein","LOC_Os06g50340","receptor protein kinase CLAVATA1 precursor, putative, expressed"
"Chr01K","1K@14.42",4128490,9026722,"Cu63","Chr01K",4265552,4266931,"Pavir.1KG057762","GO:0008270,GO:0003676","AT4G02000","","","LOC_Os05g01180","zinc knuckle family protein, expressed"
"Chr01K","1K@14.42",4128490,9026722,"Cu63","Chr01K",4571834,4572676,"Pavir.1KG058054","","","","","",""
"Chr01K","1K@14.42",4128490,9026722,"Cu63","Chr01K",4270212,4270702,"Pavir.1KG058139","","","","","",""
"Chr01K","1K@14.42",4128490,9026722,"Cu63","Chr01K",4273770,4277260,"Pavir.1KG058516","","","","","LOC_Os11g33260","retrotransposon protein, putative, unclassified, expressed"
"Chr01K","1K@14.42",4128490,9026722,"Cu63","Chr01K",4278877,4280830,"Pavir.1KG058893","","","","","",""
"Chr01K","1K@14.42",4128490,9026722,"Cu63","Chr01K",4283971,4286396,"Pavir.1KG059270","GO:0005515","AT1G72300","","Leucine-rich receptor-like protein kinase family protein","LOC_Os02g05940","phytosulfokine receptor precursor, putative, expressed"
"Chr01K","1K@14.42",4128490,9026722,"Cu63","Chr01K",4295774,4296175,"Pavir.1KG059647","","","","","",""
"Chr01K","1K@14.42",4128490,9026722,"Cu63","Chr01K",4297213,4297656,"Pavir.1KG060024","","","","","LOC_Os02g31074","expressed protein"
"Chr01K","1K@14.42",4128490,9026722,"Cu63","Chr01K",4594144,4595225,"Pavir.1KG061800","GO:0008270,GO:0005515","AT1G35330","","RING/U-box superfamily protein","LOC_Os11g04280","zinc finger, C3HC4 type domain containing protein"
"Chr01K","1K@14.42",4128490,9026722,"Cu63","Chr01K",4609869,4613152,"Pavir.1KG062000","GO:0030246,GO:0005975","AT3G54690","","Sugar isomerase (SIS) family protein","LOC_Os02g06360","uncharacterized protein CPn_0526/CP_0226/CPj0526/CpB0547, putative, expressed"
"Chr01K","1K@14.42",4128490,9026722,"Cu63","Chr01K",4613390,4617897,"Pavir.1KG062100","","AT1G71260","ATWHY2,WHY2","WHIRLY 2","LOC_Os02g06370","whirly transcription factor domain containing protein, expressed"
"Chr01K","1K@14.42",4128490,9026722,"Cu63","Chr01K",4602722,4602958,"Pavir.1KG062177","","","","","",""
"Chr01K","1K@14.42",4128490,9026722,"Cu63","Chr01K",4617580,4619429,"Pavir.1KG062200","","AT5G67210","","Protein of unknown function (DUF579)","LOC_Os02g06380","plant-specific domain TIGR01627 family protein, expressed"
"Chr01K","1K@14.42",4128490,9026722,"Cu63","Chr01K",4620419,4624237,"Pavir.1KG062300","","AT5G47830","","","LOC_Os02g06390","expressed protein"
"Chr01K","1K@14.42",4128490,9026722,"Cu63","Chr01K",4625683,4630487,"Pavir.1KG062400","","AT3G26370","","O-fucosyltransferase family protein","LOC_Os02g06400","growth regulator related protein, putative, expressed"
"Chr01K","1K@14.42",4128490,9026722,"Cu63","Chr01K",4630715,4632527,"Pavir.1KG062500","","AT1G15330","","Cystathionine beta-synthase (CBS) protein","LOC_Os02g06410","CBS domain containing membrane protein, putative, expressed"
"Chr01K","1K@14.42",4128490,9026722,"Cu63","Chr01K",4620399,4620763,"Pavir.1KG062577","","","","","",""
"Chr01K","1K@14.42",4128490,9026722,"Cu63","Chr01K",4638074,4642730,"Pavir.1KG062600","","AT4G32350","","Regulator of Vps4 activity in the MVB pathway protein","LOC_Os02g06430","DUF292 domain containing protein, expressed"
"Chr01K","1K@14.42",4128490,9026722,"Cu63","Chr01K",4645067,4645915,"Pavir.1KG062800","GO:0009611,GO:0004867","AT5G43580","","Serine protease inhibitor, potato inhibitor I-type family protein","LOC_Os06g21540","inhibitor I family protein, putative, expressed"
"Chr01K","1K@14.42",4128490,9026722,"Cu63","Chr01K",4647441,4651725,"Pavir.1KG063000","GO:0055114,GO:0016491,GO:0016209","AT3G08950","","electron transport SCO1/SenC family protein","LOC_Os02g06480","SCO1 protein homolog, mitochondrial precursor, putative, expressed"
"Chr01K","1K@14.42",4128490,9026722,"Cu63","Chr01K",4652556,4659406,"Pavir.1KG063100","","AT3G46960","","RNA helicase, ATP-dependent, SK12/DOB1 protein","LOC_Os02g06500","DSHCT domain containing protein, expressed"
"Chr01K","1K@14.42",4128490,9026722,"Cu63","Chr01K",4647015,4647146,"Pavir.1KG063177","","","","","",""
"Chr01K","1K@14.42",4128490,9026722,"Cu63","Chr01K",4659563,4665979,"Pavir.1KG063200","GO:0005524,GO:0003676","AT3G46960","","RNA helicase, ATP-dependent, SK12/DOB1 protein","LOC_Os11g07500","DSHCT domain containing protein, expressed"
"Chr01K","1K@14.42",4128490,9026722,"Cu63","Chr01K",4669086,4670959,"Pavir.1KG063400","","AT1G50360","ATVIIIA,VIIIA","P-loop containing nucleoside triphosphate hydrolases superfamily protein","LOC_Os02g06510","myosin heavy chain, putative, expressed"
"Chr01K","1K@14.42",4128490,9026722,"Cu63","Chr01K",4674308,4679122,"Pavir.1KG063500","","AT1G78750","","F-box/RNI-like superfamily protein","LOC_Os02g06520","OsFBLD1 - F-box, LRR and FBD domain containing protein, expressed"
"Chr01K","1K@14.42",4128490,9026722,"Cu63","Chr01K",4683497,4684216,"Pavir.1KG063700","","","","","",""
"Chr01K","1K@14.42",4128490,9026722,"Cu63","Chr01K",4678823,4688289,"Pavir.1KG063800","","AT5G58740","","HSP20-like chaperones superfamily protein","LOC_Os01g47770","CS domain containing protein, putative, expressed"
"Chr01K","1K@14.42",4128490,9026722,"Cu63","Chr01K",4689589,4691813,"Pavir.1KG063900","GO:0055085,GO:0016021","AT1G50310","ATSTP9,STP9","sugar transporter 9","LOC_Os02g06540","transporter family protein, putative, expressed"
"Chr01K","1K@14.42",4128490,9026722,"Cu63","Chr01K",4695031,4695225,"Pavir.1KG064100","","","","","",""
"Chr01K","1K@14.42",4128490,9026722,"Cu63","Chr01K",4702066,4704034,"Pavir.1KG064300","GO:0007165","AT5G58380","CIPK10,PKS2,SIP1,SNRK3.8","SOS3-interacting protein 1","LOC_Os02g06570","CAMK_KIN1/SNF1/Nim1_like.13 - CAMK includes calcium/calmodulin depedent protein kinases, expressed"
"Chr01K","1K@14.42",4128490,9026722,"Cu63","Chr01K",4698704,4699663,"Pavir.1KG064477","","","","","",""
"Chr01K","1K@14.42",4128490,9026722,"Cu63","Chr01K",4705189,4710214,"Pavir.1KG064500","","AT5G54650","ATFH5,Fh5","formin homology5","LOC_Os02g06580","formin, putative, expressed"
"Chr01K","1K@14.42",4128490,9026722,"Cu63","Chr01K",4753144,4755037,"Pavir.1KG064800","","","","","LOC_Os10g08754","expressed protein"
"Chr01K","1K@14.42",4128490,9026722,"Cu63","Chr01K",4759847,4765719,"Pavir.1KG065000","","AT3G21810","","Zinc finger C-x8-C-x5-C-x3-H type family protein","LOC_Os02g06584","zinc finger C-x8-C-x5-C-x3-H type family protein, expressed"
"Chr01K","1K@14.42",4128490,9026722,"Cu63","Chr01K",4765786,4776628,"Pavir.1KG065100","GO:0046872","AT3G21810","","Zinc finger C-x8-C-x5-C-x3-H type family protein","LOC_Os02g06584","zinc finger C-x8-C-x5-C-x3-H type family protein, expressed"
"Chr01K","1K@14.42",4128490,9026722,"Cu63","Chr01K",4777080,4779988,"Pavir.1KG065200","GO:0005515","AT3G24240","","Leucine-rich repeat receptor-like protein kinase family protein","LOC_Os10g33040","receptor-like protein kinase precursor, putative, expressed"
"Chr01K","1K@14.42",4128490,9026722,"Cu63","Chr01K",4780016,4782516,"Pavir.1KG065300","GO:0055114,GO:0020037,GO:0006979,GO:0004601","AT4G11290","","Peroxidase superfamily protein","LOC_Os02g06630","peroxidase precursor, putative, expressed"
"Chr01K","1K@14.42",4128490,9026722,"Cu63","Chr01K",4785158,4787502,"Pavir.1KG065500","","AT3G47680","","DNA binding","LOC_Os10g24040","transposon protein, putative, Pong sub-class, expressed"
"Chr01K","1K@14.42",4128490,9026722,"Cu63","Chr01K",4788801,4791418,"Pavir.1KG065600","","AT4G05320","UBQ10","polyubiquitin 10","LOC_Os06g46770","ubiquitin family protein, putative, expressed"
"Chr01K","1K@14.42",4128490,9026722,"Cu63","Chr01K",4783529,4785093,"Pavir.1KG065677","","","","","",""
"Chr01K","1K@14.42",4128490,9026722,"Cu63","Chr01K",4791231,4795117,"Pavir.1KG065700","","","","","",""
"Chr01K","1K@14.42",4128490,9026722,"Cu63","Chr01K",4796783,4797761,"Pavir.1KG066077","","","","","LOC_Os05g15240","expressed protein"
"Chr01K","1K@14.42",4128490,9026722,"Cu63","Chr01K",4804568,4806728,"Pavir.1KG066100","","AT2G33460","RIC1","ROP-interactive CRIB motif-containing protein 1","LOC_Os02g06660","P21-Rho-binding domain containing protein, putative, expressed"
"Chr01K","1K@14.42",4128490,9026722,"Cu63","Chr01K",4807519,4808438,"Pavir.1KG066200","GO:0009055","AT3G20570","AtENODL9,ENODL9","early nodulin-like protein 9","LOC_Os02g06690","plastocyanin-like domain containing protein, putative, expressed"
"Chr01K","1K@14.42",4128490,9026722,"Cu63","Chr01K",4811730,4813692,"Pavir.1KG066400","GO:0006412,GO:0005840,GO:0003735","AT3G11510","","Ribosomal protein S11 family protein","LOC_Os02g06700","ribosomal protein, putative, expressed"
"Chr01K","1K@14.42",4128490,9026722,"Cu63","Chr01K",4800540,4801483,"Pavir.1KG066454","","","","","",""
"Chr01K","1K@14.42",4128490,9026722,"Cu63","Chr01K",4817942,4818585,"Pavir.1KG066500","","AT1G30260","","","LOC_Os08g09290","expressed protein"
"Chr01K","1K@14.42",4128490,9026722,"Cu63","Chr01K",4810446,4811510,"Pavir.1KG066577","","","","","",""
"Chr01K","1K@14.42",4128490,9026722,"Cu63","Chr01K",4829033,4829467,"Pavir.1KG066700","","","","","",""
"Chr01K","1K@14.42",4128490,9026722,"Cu63","Chr01K",4831880,4860729,"Pavir.1KG066800","GO:0005515","AT1G58230","","binding","LOC_Os02g06720","WD domain containing protein, putative, expressed"
"Chr01K","1K@14.42",4128490,9026722,"Cu63","Chr01K",4802268,4802603,"Pavir.1KG066831","","","","","",""
"Chr01K","1K@14.42",4128490,9026722,"Cu63","Chr01K",4824692,4825315,"Pavir.1KG066877","","","","","",""
"Chr01K","1K@14.42",4128490,9026722,"Cu63","Chr01K",4862087,4864176,"Pavir.1KG066900","","AT2G32460","ATM1,ATMYB101,MYB101","myb domain protein 101","LOC_Os03g38210","MYB family transcription factor, putative, expressed"
"Chr01K","1K@14.42",4128490,9026722,"Cu63","Chr01K",4878754,4882490,"Pavir.1KG067000","GO:0016020,GO:0008378,GO:0006486","AT1G05170","","Galactosyltransferase family protein","LOC_Os02g06840","galactosyltransferase, putative, expressed"
"Chr01K","1K@14.42",4128490,9026722,"Cu63","Chr01K",4882907,4883552,"Pavir.1KG067100","","","","","LOC_Os02g06850","expressed protein"
"Chr01K","1K@14.42",4128490,9026722,"Cu63","Chr01K",4883730,4891311,"Pavir.1KG067200","","AT3G15930","","Pentatricopeptide repeat (PPR) superfamily protein","LOC_Os02g06880","EMB2758, putative, expressed"
"Chr01K","1K@14.42",4128490,9026722,"Cu63","Chr01K",4892689,4896034,"Pavir.1KG067300","","AT1G50670","","OTU-like cysteine protease family protein","LOC_Os02g06890","OTU-like cysteine protease family protein, putative, expressed"
"Chr01K","1K@14.42",4128490,9026722,"Cu63","Chr01K",4911208,4917375,"Pavir.1KG067400","GO:0006355,GO:0005634,GO:0003677,GO:0009725","AT5G37020","ARF8,ATARF8","auxin response factor 8","LOC_Os02g06910","auxin response factor 6, putative, expressed"
"Chr01K","1K@14.42",4128490,9026722,"Cu63","Chr01K",4921383,4925825,"Pavir.1KG067500","GO:0006468,GO:0004672","AT1G16670","","Protein kinase superfamily protein","LOC_Os02g06930","protein kinase, putative, expressed"
"Chr01K","1K@14.42",4128490,9026722,"Cu63","Chr01K",4888717,4889317,"Pavir.1KG067577","","","","","",""
"Chr01K","1K@14.42",4128490,9026722,"Cu63","Chr01K",4911333,4911835,"Pavir.1KG067677","","","","","",""
"Chr01K","1K@14.42",4128490,9026722,"Cu63","Chr01K",4921102,4921419,"Pavir.1KG067777","","","","","",""
"Chr01K","1K@14.42",4128490,9026722,"Cu63","Chr01K",4961160,4963702,"Pavir.1KG067800","","AT1G56020","","","LOC_Os02g06960","expressed protein"
"Chr01K","1K@14.42",4128490,9026722,"Cu63","Chr01K",4892500,4892889,"Pavir.1KG067954","","","","","",""
"Chr01K","1K@14.42",4128490,9026722,"Cu63","Chr01K",4976641,4978043,"Pavir.1KG068000","","","","","",""
"Chr01K","1K@14.42",4128490,9026722,"Cu63","Chr01K",4980617,4980979,"Pavir.1KG068100","","","","","LOC_Os02g06970","expressed protein"
"Chr01K","1K@14.42",4128490,9026722,"Cu63","Chr01K",4983468,4983863,"Pavir.1KG068200","","","","","",""
"Chr01K","1K@14.42",4128490,9026722,"Cu63","Chr01K",4986777,4987540,"Pavir.1KG068400","","","","","",""
"Chr01K","1K@14.42",4128490,9026722,"Cu63","Chr01K",4986036,4992503,"Pavir.1KG068500","","","","","",""
"Chr01K","1K@14.42",4128490,9026722,"Cu63","Chr01K",4993756,4994558,"Pavir.1KG068877","","","","","",""
"Chr01K","1K@14.42",4128490,9026722,"Cu63","Chr01K",5030974,5033267,"Pavir.1KG069000","","AT1G07090","LSH6","Protein of unknown function (DUF640)","LOC_Os02g07030","DUF640 domain containing protein, putative, expressed"
"Chr01K","1K@14.42",4128490,9026722,"Cu63","Chr01K",5035124,5035717,"Pavir.1KG069200","","AT4G13630","","Protein of unknown function, DUF593","LOC_Os04g24610","expressed protein"
"Chr01K","1K@14.42",4128490,9026722,"Cu63","Chr01K",5005604,5006263,"Pavir.1KG069254","","","","","",""
"Chr01K","1K@14.42",4128490,9026722,"Cu63","Chr01K",5043922,5047353,"Pavir.1KG069400","GO:0006464,GO:0004077","AT2G25710","HCS1","holocarboxylase synthase 1","LOC_Os02g07040","biotin--protein ligase, putative, expressed"
"Chr01K","1K@14.42",4128490,9026722,"Cu63","Chr01K",5048285,5054415,"Pavir.1KG069500","GO:0055114,GO:0050660,GO:0017150,GO:0008033","AT3G63510","","FMN-linked oxidoreductases superfamily protein","LOC_Os04g20990","tRNA-dihydrouridine synthase, putative, expressed"
"Chr01K","1K@14.42",4128490,9026722,"Cu63","Chr01K",5054487,5058093,"Pavir.1KG069600","","AT1G79230","ATMST1,ATRDH1,MST1,ST1,STR1","mercaptopyruvate sulfurtransferase 1","LOC_Os02g07044","rhodanese-like domain containing protein, putative, expressed"
"Chr01K","1K@14.42",4128490,9026722,"Cu63","Chr01K",5058259,5061044,"Pavir.1KG069700","","AT4G20770","","Pentatricopeptide repeat (PPR) superfamily protein","LOC_Os02g07050","pentatricopeptide, putative, expressed"
"Chr01K","1K@14.42",4128490,9026722,"Cu63","Chr01K",5062412,5063183,"Pavir.1KG069800","","AT5G39160","","RmlC-like cupins superfamily protein","LOC_Os02g29000","Cupin domain containing protein, expressed"
"Chr01K","1K@14.42",4128490,9026722,"Cu63","Chr01K",5068527,5071780,"Pavir.1KG069900","GO:0003924,GO:0007017,GO:0005874","AT5G62700","TUB3","tubulin beta chain 3","LOC_Os02g07060","tubulin/FtsZ domain containing protein, putative, expressed"
"Chr01K","1K@14.42",4128490,9026722,"Cu63","Chr01K",5073943,5081675,"Pavir.1KG070100","GO:0003676","AT3G54230","SUA","suppressor of abi3-5","LOC_Os02g07070","RNA recognition motif family protein, expressed"
"Chr01K","1K@14.42",4128490,9026722,"Cu63","Chr01K",5089698,5090729,"Pavir.1KG070200","GO:0009733","AT1G56150","","SAUR-like auxin-responsive protein family ","LOC_Os02g07110","OsSAUR6 - Auxin-responsive SAUR gene family member, expressed"
"Chr01K","1K@14.42",4128490,9026722,"Cu63","Chr01K",5094144,5104688,"Pavir.1KG070300","","AT2G02560","ATCAND1,CAND1,ETA2,HVE,TIP120","cullin-associated and neddylation dissociated","LOC_Os02g07120","HEAT repeat family protein, putative, expressed"
"Chr01K","1K@14.42",4128490,9026722,"Cu63","Chr01K",5104672,5107101,"Pavir.1KG070400","GO:0016151,GO:0006807","AT1G21840","UREF","urease accessory protein F","LOC_Os02g07150","urease accessory protein F, putative, expressed"
"Chr01K","1K@14.42",4128490,9026722,"Cu63","Chr01K",5108387,5110118,"Pavir.1KG070500","","","","","LOC_Os04g54759","expressed protein"
"Chr01K","1K@14.42",4128490,9026722,"Cu63","Chr01K",5128292,5130370,"Pavir.1KG070600","GO:0055114,GO:0016701,GO:0009072,GO:0003868","AT1G06570","HPD,PDS1","phytoene desaturation 1","LOC_Os02g07160","glyoxalase family protein, putative, expressed"
"Chr01K","1K@14.42",4128490,9026722,"Cu63","Chr01K",5131642,5134949,"Pavir.1KG070700","","AT1G06660","","","LOC_Os02g07180","expressed protein"
"Chr01K","1K@14.42",4128490,9026722,"Cu63","Chr01K",5110484,5117068,"Pavir.1KG070877","GO:0016151,GO:0006807","AT1G21840","UREF","urease accessory protein F","LOC_Os02g07150","urease accessory protein F, putative, expressed"
"Chr01K","1K@14.42",4128490,9026722,"Cu63","Chr01K",5139856,5147770,"Pavir.1KG070900","","AT3G06880","","Transducin/WD40 repeat-like superfamily protein","LOC_Os02g07190","expressed protein"
"Chr01K","1K@14.42",4128490,9026722,"Cu63","Chr01K",5138161,5138481,"Pavir.1KG071077","","","","","LOC_Os10g32790","expressed protein"
"Chr01K","1K@14.42",4128490,9026722,"Cu63","Chr01K",5148262,5151077,"Pavir.1KG071200","","AT3G05320","","O-fucosyltransferase family protein","LOC_Os02g07200","protein-O-fucosyltransferase 1, putative, expressed"
"Chr01K","1K@14.42",4128490,9026722,"Cu63","Chr01K",5151653,5155101,"Pavir.1KG071300","","AT3G22260","","Cysteine proteinases superfamily protein","LOC_Os02g07210","OTU-like cysteine protease family protein, putative, expressed"
"Chr01K","1K@14.42",4128490,9026722,"Cu63","Chr01K",5160095,5163121,"Pavir.1KG071400","GO:0006457","AT4G19830","","FKBP-like peptidyl-prolyl cis-trans isomerase family protein","LOC_Os02g07220","peptidyl-prolyl cis-trans isomerase, FKBP-type, putative, expressed"
"Chr01K","1K@14.42",4128490,9026722,"Cu63","Chr01K",5163274,5163912,"Pavir.1KG071500","","","","","",""
"Chr01K","1K@14.42",4128490,9026722,"Cu63","Chr01K",5168067,5171756,"Pavir.1KG071600","GO:0033014,GO:0004418","AT5G08280","HEMC","hydroxymethylbilane synthase","LOC_Os02g07230","porphobilinogen deaminase, chloroplast precursor, putative, expressed"
"Chr01K","1K@14.42",4128490,9026722,"Cu63","Chr01K",5171247,5174331,"Pavir.1KG071700","","AT2G39440","","","LOC_Os02g07240","expressed protein"
"Chr01K","1K@14.42",4128490,9026722,"Cu63","Chr01K",5174604,5175086,"Pavir.1KG071800","","","","","",""
"Chr01K","1K@14.42",4128490,9026722,"Cu63","Chr01K",5176037,5179179,"Pavir.1KG071900","","AT1G56180","","","LOC_Os02g07250","peptidase, cysteine peptidase active site, putative, expressed"
"Chr01K","1K@14.42",4128490,9026722,"Cu63","Chr01K",5181716,5182436,"Pavir.1KG072000","","AT1G70600","","Ribosomal protein L18e/L15 superfamily protein","LOC_Os07g42170","60S ribosomal protein, putative, expressed"
"Chr01K","1K@14.42",4128490,9026722,"Cu63","Chr01K",5194456,5198263,"Pavir.1KG072100","GO:0006096,GO:0004618","AT1G79550","PGK","phosphoglycerate kinase","LOC_Os06g45710","phosphoglycerate kinase protein, putative, expressed"
"Chr01K","1K@14.42",4128490,9026722,"Cu63","Chr01K",5213901,5217651,"Pavir.1KG072300","GO:0046854","AT1G31190","IMPL1","myo-inositol monophosphatase like 1","LOC_Os02g07350","inositol-1-monophosphatase, putative, expressed"
"Chr01K","1K@14.42",4128490,9026722,"Cu63","Chr01K",5217910,5221666,"Pavir.1KG072400","","AT2G35130","","Tetratricopeptide repeat (TPR)-like superfamily protein","LOC_Os02g07360","pentatricopeptide containing protein, putative, expressed"
"Chr01K","1K@14.42",4128490,9026722,"Cu63","Chr01K",5204469,5205251,"Pavir.1KG072477","","","","","",""
"Chr01K","1K@14.42",4128490,9026722,"Cu63","Chr01K",5220061,5224346,"Pavir.1KG072500","","","","","LOC_Os06g48790","expressed protein"
"Chr01K","1K@14.42",4128490,9026722,"Cu63","Chr01K",5225842,5228288,"Pavir.1KG072600","","AT2G35120","","Single hybrid motif superfamily protein","LOC_Os02g07410","glycine cleavage system H protein, putative, expressed"
"Chr01K","1K@14.42",4128490,9026722,"Cu63","Chr01K",5228791,5232309,"Pavir.1KG072700","","AT1G79200","","","LOC_Os02g07420","splicing factor, arginine/serine-rich 12, putative, expressed"
"Chr01K","1K@14.42",4128490,9026722,"Cu63","Chr01K",5248715,5251487,"Pavir.1KG072800","","","","","",""
"Chr01K","1K@14.42",4128490,9026722,"Cu63","Chr01K",5206000,5207356,"Pavir.1KG072854","","","","","",""
"Chr01K","1K@14.42",4128490,9026722,"Cu63","Chr01K",5253008,5256215,"Pavir.1KG072900","GO:0006355,GO:0005634,GO:0003700,GO:0046983,GO:0003677,GO:2000029,GO:0048481,GO:0048316","AT5G23260","ABS,AGL32,TT16","K-box region and MADS-box transcription factor family protein ","LOC_Os02g07430","OsMADS29 - MADS-box family gene with MIKCc type-box, expressed"
"Chr01K","1K@14.42",4128490,9026722,"Cu63","Chr01K",5233206,5235092,"Pavir.1KG073077","","AT4G29090","","Ribonuclease H-like superfamily protein","LOC_Os07g45890","transposon protein, putative, CACTA, En/Spm sub-class, expressed"
"Chr01K","1K@14.42",4128490,9026722,"Cu63","Chr01K",5290149,5296889,"Pavir.1KG073100","GO:0043531","AT1G58848","","Disease resistance protein (CC-NBS-LRR class) family","LOC_Os08g14850","resistance protein, putative, expressed"
"Chr01K","1K@14.42",4128490,9026722,"Cu63","Chr01K",5296151,5302158,"Pavir.1KG073200","GO:0043531","AT3G46530","RPP13","NB-ARC domain-containing disease resistance protein","LOC_Os06g37840","resistance protein, putative, expressed"
"Chr01K","1K@14.42",4128490,9026722,"Cu63","Chr01K",5289505,5290017,"Pavir.1KG073277","","","","","",""
"Chr01K","1K@14.42",4128490,9026722,"Cu63","Chr01K",5323362,5326661,"Pavir.1KG073400","","AT1G56170","ATHAP5B,HAP5B,NF-YC2","nuclear factor Y, subunit C2","LOC_Os02g07450","core histone H2A/H2B/H3/H4, putative, expressed"
"Chr01K","1K@14.42",4128490,9026722,"Cu63","Chr01K",5336911,5343750,"Pavir.1KG073600","","AT1G16290","","","LOC_Os02g07480","transglycosylase SLT domain containing protein, expressed"
"Chr01K","1K@14.42",4128490,9026722,"Cu63","Chr01K",5352394,5358449,"Pavir.1KG073700","GO:0055114,GO:0016620","AT1G79530","GAPCP-1","glyceraldehyde-3-phosphate dehydrogenase of plastid 1","LOC_Os02g07490","glyceraldehyde-3-phosphate dehydrogenase, putative, expressed"
"Chr01K","1K@14.42",4128490,9026722,"Cu63","Chr01K",5335051,5335419,"Pavir.1KG073777","","","","","LOC_Os06g45610","expressed protein"
"Chr01K","1K@14.42",4128490,9026722,"Cu63","Chr01K",5360162,5360745,"Pavir.1KG073800","","","","","LOC_Os02g07495","expressed protein"
"Chr01K","1K@14.42",4128490,9026722,"Cu63","Chr01K",5364128,5364948,"Pavir.1KG073900","","AT2G02130","LCR68,PDF2.3","low-molecular-weight cysteine-rich 68","LOC_Os02g07550","DEFL1 - Defensin and Defensin-like DEFL family, expressed"
"Chr01K","1K@14.42",4128490,9026722,"Cu63","Chr01K",5344147,5344644,"Pavir.1KG073977","","","","","",""
"Chr01K","1K@14.42",4128490,9026722,"Cu63","Chr01K",5369426,5369895,"Pavir.1KG074000","","AT3G61177","LCR53","low-molecular-weight cysteine-rich 53","LOC_Os02g07495","expressed protein"
"Chr01K","1K@14.42",4128490,9026722,"Cu63","Chr01K",5371059,5371883,"Pavir.1KG074100","","AT2G02130","LCR68,PDF2.3","low-molecular-weight cysteine-rich 68","LOC_Os02g07624","gamma-thionin family domain containing protein, expressed"
"Chr01K","1K@14.42",4128490,9026722,"Cu63","Chr01K",5362071,5362683,"Pavir.1KG074177","","","","","",""
"Chr01K","1K@14.42",4128490,9026722,"Cu63","Chr01K",5374759,5375599,"Pavir.1KG074200","","AT2G02130","LCR68,PDF2.3","low-molecular-weight cysteine-rich 68","LOC_Os02g07624","gamma-thionin family domain containing protein, expressed"
"Chr01K","1K@14.42",4128490,9026722,"Cu63","Chr01K",5377529,5383061,"Pavir.1KG074300","GO:0046872,GO:0030001,GO:0000166","AT5G44790","HMA7,RAN1","copper-exporting ATPase / responsive-to-antagonist 1 / copper-transporting ATPase (RAN1)","LOC_Os02g07630","copper-transporting ATPase, putative, expressed"
"Chr01K","1K@14.42",4128490,9026722,"Cu63","Chr01K",5398099,5398896,"Pavir.1KG074677","","","","","LOC_Os08g32180","retrotransposon protein, putative, unclassified, expressed"
"Chr01K","1K@14.42",4128490,9026722,"Cu63","Chr01K",5428025,5432247,"Pavir.1KG075400","","AT1G31040","","PLATZ transcription factor family protein","LOC_Os06g45540","zinc-binding protein, putative, expressed"
"Chr01K","1K@14.42",4128490,9026722,"Cu63","Chr01K",5440725,5443675,"Pavir.1KG075500","GO:0016151,GO:0006807","AT2G35035","URED","urease accessory protein D","LOC_Os02g07670","URED, putative, expressed"
"Chr01K","1K@14.42",4128490,9026722,"Cu63","Chr01K",5444206,5450124,"Pavir.1KG075600","GO:0055114,GO:0020037,GO:0016705,GO:0005506","AT4G15110","CYP97B3","cytochrome P450, family 97, subfamily B, polypeptide 3","LOC_Os02g07680","cytochrome P450, putative, expressed"
"Chr01K","1K@14.42",4128490,9026722,"Cu63","Chr01K",5457326,5458728,"Pavir.1KG075700","","AT4G39720","","VQ motif-containing protein","LOC_Os02g07690","VQ domain containing protein, putative, expressed"
"Chr01K","1K@14.42",4128490,9026722,"Cu63","Chr01K",5465646,5469523,"Pavir.1KG075800","GO:0009058,GO:0003824","AT2G32260","ATCCT1,CCT1","phosphorylcholine cytidylyltransferase","LOC_Os02g07720","cytidylyltransferase domain containing protein, expressed"
"Chr01K","1K@14.42",4128490,9026722,"Cu63","Chr01K",5470696,5471710,"Pavir.1KG076000","","AT5G44730","","Haloacid dehalogenase-like hydrolase (HAD) superfamily protein","LOC_Os02g07730","haloacid dehalogenase-like hydrolase domain-containing protein 3, putative, expressed"
"Chr01K","1K@14.42",4128490,9026722,"Cu63","Chr01K",5472309,5476888,"Pavir.1KG076100","GO:0008168","AT1G54310","","S-adenosyl-L-methionine-dependent methyltransferases superfamily protein","LOC_Os02g07740","RNA binding protein, putative, expressed"
"Chr01K","1K@14.42",4128490,9026722,"Cu63","Chr01K",5476003,5478915,"Pavir.1KG076200","GO:0016020","AT3G12740","ALIS1","ALA-interacting subunit 1","LOC_Os02g07750","cell cycle control protein, putative, expressed"
"Chr01K","1K@14.42",4128490,9026722,"Cu63","Chr01K",5517945,5520732,"Pavir.1KG076400","","AT1G79430","APL,WDY","Homeodomain-like superfamily protein","LOC_Os02g07770","Myb transcription factor, putative, expressed"
"Chr01K","1K@14.42",4128490,9026722,"Cu63","Chr01K",5543209,5546618,"Pavir.1KG076500","GO:0005634,GO:0003677","AT5G43270","SPL2","squamosa promoter binding protein-like 2","LOC_Os06g45310","OsSPL11 - SBP-box gene family member, expressed"
"Chr01K","1K@14.42",4128490,9026722,"Cu63","Chr01K",5497611,5498145,"Pavir.1KG076577","","","","","",""
"Chr01K","1K@14.42",4128490,9026722,"Cu63","Chr01K",5547113,5550018,"Pavir.1KG076600","","AT2G24360","","Protein kinase superfamily protein","LOC_Os02g07790","serine/threonine-protein kinase HT1, putative, expressed"
"Chr01K","1K@14.42",4128490,9026722,"Cu63","Chr01K",5561293,5564503,"Pavir.1KG076800","","AT2G29190","APUM2,PUM2","pumilio 2","LOC_Os05g01910","pumilio-family RNA binding protein, putative, expressed"
"Chr01K","1K@14.42",4128490,9026722,"Cu63","Chr01K",5571123,5586140,"Pavir.1KG076900","","AT1G19200","","Protein of unknown function (DUF581)","LOC_Os02g07820","DUF581 domain containing protein, expressed"
"Chr01K","1K@14.42",4128490,9026722,"Cu63","Chr01K",5498209,5514490,"Pavir.1KG076954","GO:0055114,GO:0016491,GO:0008152","AT1G79440","ALDH5F1,SSADH,SSADH1","aldehyde dehydrogenase 5F1","LOC_Os02g07760","aldehyde dehydrogenase, putative, expressed"
"Chr01K","1K@14.42",4128490,9026722,"Cu63","Chr01K",5553984,5557300,"Pavir.1KG076977","","AT4G31270","","sequence-specific DNA binding transcription factors","LOC_Os02g07800","transcription factor, putative, expressed"
"Chr01K","1K@14.42",4128490,9026722,"Cu63","Chr01K",5588700,5590781,"Pavir.1KG077000","GO:0055085,GO:0008324,GO:0006812","AT4G10310","ATHKT1,HKT1","high-affinity K+ transporter 1","LOC_Os02g07830","OsHKT1;3 - Na+ transporter, expressed"
"Chr01K","1K@14.42",4128490,9026722,"Cu63","Chr01K",5595945,5598903,"Pavir.1KG077100","GO:0043565,GO:0006355,GO:0003700","AT5G24800","ATBZIP9,BZIP9,BZO2H2","basic leucine zipper 9","LOC_Os02g07840","bZIP transcription factor domain containing protein, expressed"
"Chr01K","1K@14.42",4128490,9026722,"Cu63","Chr01K",5711876,5723947,"Pavir.1KG077200","GO:0006468,GO:0005524,GO:0004672","AT2G20850","SRF1","STRUBBELIG-receptor family 1","LOC_Os02g07960","STRUBBELIG-RECEPTOR FAMILY 3 precursor, putative, expressed"
"Chr01K","1K@14.42",4128490,9026722,"Cu63","Chr01K",5586141,5586722,"Pavir.1KG077277","","","","","",""
"Chr01K","1K@14.42",4128490,9026722,"Cu63","Chr01K",5557803,5560481,"Pavir.1KG077354","GO:0005515,GO:0006468,GO:0004672","AT3G20190","","Leucine-rich repeat protein kinase family protein","LOC_Os02g07810","inactive receptor kinase At2g26730 precursor, putative, expressed"
"Chr01K","1K@14.42",4128490,9026722,"Cu63","Chr01K",5599117,5601334,"Pavir.1KG077477","","AT2G19090","","Protein of unknown function (DUF630 and DUF632)","LOC_Os02g07850","DUF630/DUF632 domains containing protein, putative, expressed"
"Chr01K","1K@14.42",4128490,9026722,"Cu63","Chr01K",5779343,5780600,"Pavir.1KG077600","","AT4G29850","","Eukaryotic protein of unknown function (DUF872)","LOC_Os02g07980","expressed protein"
"Chr01K","1K@14.42",4128490,9026722,"Cu63","Chr01K",5785912,5786295,"Pavir.1KG077700","","","","","LOC_Os06g50280","OsFBL31 - F-box domain and LRR containing protein, expressed"
"Chr01K","1K@14.42",4128490,9026722,"Cu63","Chr01K",5787041,5787415,"Pavir.1KG077800","","","","","LOC_Os02g08000","expressed protein"
"Chr01K","1K@14.42",4128490,9026722,"Cu63","Chr01K",5607204,5610469,"Pavir.1KG077854","GO:0008234,GO:0006508","","","","LOC_Os10g24954","ulp1 protease family, C-terminal catalytic domain containing protein, expressed"
"Chr01K","1K@14.42",4128490,9026722,"Cu63","Chr01K",5633841,5635091,"Pavir.1KG078231","","","","","LOC_Os10g22140","expressed protein"
"Chr01K","1K@14.42",4128490,9026722,"Cu63","Chr01K",5939646,5950674,"Pavir.1KG078600","","AT1G55250","HUB2","histone mono-ubiquitination 2","LOC_Os10g41590","zinc finger, C3HC4 type domain containing protein, expressed"
"Chr01K","1K@14.42",4128490,9026722,"Cu63","Chr01K",5639375,5647445,"Pavir.1KG078608","GO:0046034,GO:0015992,GO:0033178,GO:0016820,GO:0015991,GO:0005524","AT1G78900","VHA-A","vacuolar ATP synthase subunit A","LOC_Os06g45120","ATP synthase, putative, expressed"
"Chr01K","1K@14.42",4128490,9026722,"Cu63","Chr01K",5962199,5965796,"Pavir.1KG078700","","","","","LOC_Os06g44810","expressed protein"
"Chr01K","1K@14.42",4128490,9026722,"Cu63","Chr01K",5650364,5655491,"Pavir.1KG078985","GO:0016020,GO:0008375","AT2G19160","","Core-2/I-branching beta-1,6-N-acetylglucosaminyltransferase family protein","LOC_Os02g07880","DNA binding protein, putative, expressed"
"Chr01K","1K@14.42",4128490,9026722,"Cu63","Chr01K",5970979,5972085,"Pavir.1KG079077","","","","","LOC_Os08g03670","galactosyltransferase family protein, putative, expressed"
"Chr01K","1K@14.42",4128490,9026722,"Cu63","Chr01K",5655618,5660121,"Pavir.1KG079362","GO:0005543","AT4G25940","","ENTH/ANTH/VHS superfamily protein","LOC_Os02g07900","ANTH/ENTH domain containing protein, putative, expressed"
"Chr01K","1K@14.42",4128490,9026722,"Cu63","Chr01K",5791708,5817340,"Pavir.1KG079400","GO:0005516,GO:0046872,GO:0000166","AT4G29900","ACA10,ATACA10,CIF1","autoinhibited Ca(2+)-ATPase 10","LOC_Os04g51610","calcium-transporting ATPase, plasma membrane-type, putative, expressed"
"Chr01K","1K@14.42",4128490,9026722,"Cu63","Chr01K",6009230,6010802,"Pavir.1KG079454","","","","","",""
"Chr01K","1K@14.42",4128490,9026722,"Cu63","Chr01K",5659657,5661623,"Pavir.1KG079739","","AT4G30010","","","LOC_Os02g07910","fiber protein Fb15, putative, expressed"
"Chr01K","1K@14.42",4128490,9026722,"Cu63","Chr01K",5817374,5817802,"Pavir.1KG079777","","","","","",""
"Chr01K","1K@14.42",4128490,9026722,"Cu63","Chr01K",5886852,5892285,"Pavir.1KG080000","","AT3G10730","ATSUN2,SUN2","SAD1/UNC-84 domain protein 2","LOC_Os05g18770","Sad1 / UNC-like C-terminal domain containing protein, putative, expressed"
"Chr01K","1K@14.42",4128490,9026722,"Cu63","Chr01K",5891947,5892435,"Pavir.1KG080100","","","","","",""
"Chr01K","1K@14.42",4128490,9026722,"Cu63","Chr01K",5661903,5665009,"Pavir.1KG080116","","AT2G19270","","","LOC_Os02g07920","expressed protein"
"Chr01K","1K@14.42",4128490,9026722,"Cu63","Chr01K",5851835,5853322,"Pavir.1KG080154","","AT5G43150","","","LOC_Os04g51410","expressed protein"
"Chr01K","1K@14.42",4128490,9026722,"Cu63","Chr01K",5899672,5903707,"Pavir.1KG080200","GO:0016853,GO:0005975","AT5G57330","","Galactose mutarotase-like superfamily protein","LOC_Os02g08030","aldose 1-epimerase, putative, expressed"
"Chr01K","1K@14.42",4128490,9026722,"Cu63","Chr01K",5930175,5933669,"Pavir.1KG080400","GO:0005634,GO:0003677","AT1G02065","SPL8","squamosa promoter binding protein-like 8","LOC_Os02g08070","OsSPL5 - SBP-box gene family member, expressed"
"Chr01K","1K@14.42",4128490,9026722,"Cu63","Chr01K",5667689,5671207,"Pavir.1KG080493","","AT5G45540","","Protein of unknown function (DUF594)","LOC_Os10g11310","expressed protein"
"Chr01K","1K@14.42",4128490,9026722,"Cu63","Chr01K",5868625,5870542,"Pavir.1KG080531","","AT1G64260","","MuDR family transposase","LOC_Os05g46640","expressed protein"
"Chr01K","1K@14.42",4128490,9026722,"Cu63","Chr01K",6023180,6027864,"Pavir.1KG080600","GO:0016773,GO:0005975","AT4G30310","","FGGY family of carbohydrate kinase","LOC_Os02g08130","FGGY family of carbohydrate kinases, putative, expressed"
"Chr01K","1K@14.42",4128490,9026722,"Cu63","Chr01K",6045680,6049018,"Pavir.1KG080800","GO:0008270,GO:0005622,GO:0005515","AT5G24930","ATCOL4,COL4","CONSTANS-like 4","LOC_Os02g08150","CCT/B-box zinc finger protein, putative, expressed"
"Chr01K","1K@14.42",4128490,9026722,"Cu63","Chr01K",5673450,5675010,"Pavir.1KG080870","","AT3G21150","BBX32","B-box 32","LOC_Os02g07930","B-box zinc finger family protein, putative, expressed"
"Chr01K","1K@14.42",4128490,9026722,"Cu63","Chr01K",6051217,6051818,"Pavir.1KG080900","","AT5G57685","ATGDU3,GDU3,LSB1","glutamine dumper 3","LOC_Os06g44420","GDU1, putative, expressed"
"Chr01K","1K@14.42",4128490,9026722,"Cu63","Chr01K",6028151,6029374,"Pavir.1KG080977","","","","","",""
"Chr01K","1K@14.42",4128490,9026722,"Cu63","Chr01K",6061360,6061661,"Pavir.1KG081000","GO:0016020,GO:0006886,GO:0006605","AT5G50460","","secE/sec61-gamma protein transport protein","LOC_Os02g08180","protein transport protein SEC61 subunit gamma, putative, expressed"
"Chr01K","1K@14.42",4128490,9026722,"Cu63","Chr01K",6063602,6066620,"Pavir.1KG081100","","AT4G33400","","Vacuolar import/degradation, Vid27-related protein","LOC_Os02g08190","CYPRO4, putative, expressed"
"Chr01K","1K@14.42",4128490,9026722,"Cu63","Chr01K",6066814,6070314,"Pavir.1KG081200","GO:0008270,GO:0005515","AT2G35420","","RING/U-box superfamily protein","LOC_Os02g08200","zinc finger, C3HC4 type domain containing protein, expressed"
"Chr01K","1K@14.42",4128490,9026722,"Cu63","Chr01K",5708430,5708840,"Pavir.1KG081247","","","","","",""
"Chr01K","1K@14.42",4128490,9026722,"Cu63","Chr01K",6078891,6082100,"Pavir.1KG081300","","","","","",""
"Chr01K","1K@14.42",4128490,9026722,"Cu63","Chr01K",6083048,6084340,"Pavir.1KG081400","","AT5G57780","","","LOC_Os06g44320","expressed protein"
"Chr01K","1K@14.42",4128490,9026722,"Cu63","Chr01K",6099572,6106337,"Pavir.1KG081500","GO:0055114,GO:0016491,GO:0006633,GO:0005506","AT5G57800","CER3,FLP1,WAX2,YRE","Fatty acid hydroxylase superfamily","LOC_Os02g08230","WAX2, putative, expressed"
"Chr01K","1K@14.42",4128490,9026722,"Cu63","Chr01K",6122136,6127247,"Pavir.1KG081800","GO:0006468,GO:0005524,GO:0004672","AT1G79640","","Protein kinase superfamily protein","LOC_Os02g08240","STE_PAK_Ste20_STLK.1 - STE kinases include homologs to sterile 7, sterile 11 and sterile 20 from yeast, expressed"
"Chr01K","1K@14.42",4128490,9026722,"Cu63","Chr01K",6113371,6113817,"Pavir.1KG081877","","","","","",""
"Chr01K","1K@14.42",4128490,9026722,"Cu63","Chr01K",6128135,6131912,"Pavir.1KG081900","","AT1G26160","","Metal-dependent phosphohydrolase","LOC_Os02g08260","HD domain containing protein 2, putative, expressed"
"Chr01K","1K@14.42",4128490,9026722,"Cu63","Chr01K",6140710,6142636,"Pavir.1KG082000","GO:0016758,GO:0008152","AT2G36780","","UDP-Glycosyltransferase superfamily protein","LOC_Os02g11700","cytokinin-O-glucosyltransferase 3, putative, expressed"
"Chr01K","1K@14.42",4128490,9026722,"Cu63","Chr01K",6116665,6117805,"Pavir.1KG082254","","","","","",""
"Chr01K","1K@14.42",4128490,9026722,"Cu63","Chr01K",6187665,6188948,"Pavir.1KG082377","GO:0003676","AT3G09850","","D111/G-patch domain-containing protein","LOC_Os08g19170","G-patch domain containing protein, expressed"
"Chr01K","1K@14.42",4128490,9026722,"Cu63","Chr01K",6225558,6226876,"Pavir.1KG082754","","AT4G30550","","Class I glutamine amidotransferase-like superfamily protein","LOC_Os02g08270","class I glutamine amidotransferase, putative, expressed"
"Chr01K","1K@14.42",4128490,9026722,"Cu63","Chr01K",6234972,6239000,"Pavir.1KG082900","GO:0043161,GO:0006289,GO:0003684","AT1G79650","RAD23,RAD23B","Rad23 UV excision repair protein family","LOC_Os02g08300","RAD23 DNA repair protein, putative, expressed"
"Chr01K","1K@14.42",4128490,9026722,"Cu63","Chr01K",6239626,6244508,"Pavir.1KG083000","GO:0005515,GO:0043161,GO:0006289,GO:0003684","AT1G79650","RAD23,RAD23B","Rad23 UV excision repair protein family","LOC_Os02g08300","RAD23 DNA repair protein, putative, expressed"
"Chr01K","1K@14.42",4128490,9026722,"Cu63","Chr01K",6244707,6246918,"Pavir.1KG083100","","AT1G16070","AtTLP8,TLP8","tubby like protein 8","LOC_Os02g08310","tubby, putative, expressed"
"Chr01K","1K@14.42",4128490,9026722,"Cu63","Chr01K",6266884,6271285,"Pavir.1KG083200","GO:0016021","AT2G24150","HHP3","heptahelical protein 3","LOC_Os06g44250","haemolysin-III, putative, expressed"
"Chr01K","1K@14.42",4128490,9026722,"Cu63","Chr01K",6276357,6278804,"Pavir.1KG083400","","AT5G13210","","Uncharacterised conserved protein UCP015417,  vWA","LOC_Os02g08330","gp176, putative, expressed"
"Chr01K","1K@14.42",4128490,9026722,"Cu63","Chr01K",6279547,6284959,"Pavir.1KG083500","","AT4G30790","","","LOC_Os02g08350","expressed protein"
"Chr01K","1K@14.42",4128490,9026722,"Cu63","Chr01K",6274432,6275388,"Pavir.1KG083577","","","","","",""
"Chr01K","1K@14.42",4128490,9026722,"Cu63","Chr01K",6726941,6731340,"Pavir.1KG083700","GO:0008270,GO:0005515","AT2G26000","BRIZ2","zinc finger (C3HC4-type RING finger) family protein","LOC_Os02g09060","BRCA1-associated protein, putative, expressed"
"Chr01K","1K@14.42",4128490,9026722,"Cu63","Chr01K",6764987,6766450,"Pavir.1KG083800","","AT2G12646","","PLATZ transcription factor family protein","LOC_Os02g09070","zinc-binding protein, putative, expressed"
"Chr01K","1K@14.42",4128490,9026722,"Cu63","Chr01K",6290514,6299092,"Pavir.1KG083877","GO:0003676,GO:0006396,GO:0003723","AT5G25060","","RNA recognition motif (RRM)-containing protein","LOC_Os02g08360","RNA recognition motif, putative, expressed"
"Chr01K","1K@14.42",4128490,9026722,"Cu63","Chr01K",6810187,6812134,"Pavir.1KG084100","GO:0050662,GO:0003824","AT1G61720","BAN","NAD(P)-binding Rossmann-fold superfamily protein","LOC_Os04g53920","leucoanthocyanidin reductase, putative, expressed"
"Chr01K","1K@14.42",4128490,9026722,"Cu63","Chr01K",6787870,6788808,"Pavir.1KG084177","GO:0003677","AT3G42170","","BED zinc finger ;hAT family dimerisation domain","LOC_Os11g36790","OsFBO6 - F-box and other domain containing protein, expressed"
"Chr01K","1K@14.42",4128490,9026722,"Cu63","Chr01K",6826205,6828023,"Pavir.1KG084200","GO:0050662,GO:0003824","AT1G61720","BAN","NAD(P)-binding Rossmann-fold superfamily protein","LOC_Os04g53810","leucoanthocyanidin reductase, putative, expressed"
"Chr01K","1K@14.42",4128490,9026722,"Cu63","Chr01K",6303631,6306298,"Pavir.1KG084254","","","","","",""
"Chr01K","1K@14.42",4128490,9026722,"Cu63","Chr01K",6832853,6836940,"Pavir.1KG084500","GO:0016773,GO:0016020,GO:0005524","AT3G10660","ATCPK2,CPK2","calmodulin-domain protein kinase cdpk isoform 2","LOC_Os05g41090","CAMK_CAMK_like_CG18020d.1 - CAMK includes calcium/calmodulin depedent protein kinases, expressed"
"Chr01K","1K@14.42",4128490,9026722,"Cu63","Chr01K",6830740,6832604,"Pavir.1KG084577","GO:0050662,GO:0003824","AT1G61720","BAN","NAD(P)-binding Rossmann-fold superfamily protein","LOC_Os04g53850","leucoanthocyanidin reductase, putative, expressed"
"Chr01K","1K@14.42",4128490,9026722,"Cu63","Chr01K",6857043,6859447,"Pavir.1KG084800","GO:0050662,GO:0003824","AT1G61720","BAN","NAD(P)-binding Rossmann-fold superfamily protein","LOC_Os04g53920","leucoanthocyanidin reductase, putative, expressed"
"Chr01K","1K@14.42",4128490,9026722,"Cu63","Chr01K",6906532,6908204,"Pavir.1KG085000","","","","","",""
"Chr01K","1K@14.42",4128490,9026722,"Cu63","Chr01K",6915124,6918127,"Pavir.1KG085200","","","","","",""
"Chr01K","1K@14.42",4128490,9026722,"Cu63","Chr01K",6920613,6921137,"Pavir.1KG085300","","AT1G24577","","","LOC_Os02g09090","expressed protein"
"Chr01K","1K@14.42",4128490,9026722,"Cu63","Chr01K",6921500,6927572,"Pavir.1KG085400","GO:0008270","AT5G20350","TIP1","Ankyrin repeat family protein with DHHC zinc finger domain","LOC_Os02g09130","palmitoyltransferase TIP1, putative, expressed"
"Chr01K","1K@14.42",4128490,9026722,"Cu63","Chr01K",6928691,6936376,"Pavir.1KG085500","GO:0016020,GO:0015992,GO:0009678,GO:0004427","AT1G15690","ATAVP3,AtVHP1;1,AVP-3,AVP1","Inorganic H pyrophosphatase family protein","LOC_Os02g09150","inorganic H+ pyrophosphatase, putative, expressed"
"Chr01K","1K@14.42",4128490,9026722,"Cu63","Chr01K",6918128,6919919,"Pavir.1KG085577","","","","","",""
"Chr01K","1K@14.42",4128490,9026722,"Cu63","Chr01K",6311681,6316796,"Pavir.1KG085600","GO:0003824,GO:0006470,GO:0004722","AT4G31860","","Protein phosphatase 2C family protein","LOC_Os02g08364","protein phosphatase 2C, putative, expressed"
"Chr01K","1K@14.42",4128490,9026722,"Cu63","Chr01K",6318064,6318609,"Pavir.1KG085700","","","","","",""
"Chr01K","1K@14.42",4128490,9026722,"Cu63","Chr01K",6951206,6952829,"Pavir.1KG085877","","","","","",""
"Chr01K","1K@14.42",4128490,9026722,"Cu63","Chr01K",6327660,6331805,"Pavir.1KG086000","","AT2G24020","","Uncharacterised BCR, YbaB family COG0718","LOC_Os02g08380","CR084 protein, putative, expressed"
"Chr01K","1K@14.42",4128490,9026722,"Cu63","Chr01K",6324500,6325730,"Pavir.1KG086077","","","","","",""
"Chr01K","1K@14.42",4128490,9026722,"Cu63","Chr01K",6337317,6339045,"Pavir.1KG086100","","","","","",""
"Chr01K","1K@14.42",4128490,9026722,"Cu63","Chr01K",6341567,6342687,"Pavir.1KG086200","","AT2G33793","","","LOC_Os03g62160","expressed protein"
"Chr01K","1K@14.42",4128490,9026722,"Cu63","Chr01K",6970898,6971218,"Pavir.1KG086254","","","","","",""
"Chr01K","1K@14.42",4128490,9026722,"Cu63","Chr01K",6373266,6376433,"Pavir.1KG086400","GO:0009073,GO:0004106","AT5G10870","ATCM2,CM2","chorismate mutase 2","LOC_Os02g08410","chorismate mutase, chloroplast precursor, putative, expressed"
"Chr01K","1K@14.42",4128490,9026722,"Cu63","Chr01K",6354886,6355324,"Pavir.1KG086577","","","","","LOC_Os04g25250","conserved hypothetical protein"
"Chr01K","1K@14.42",4128490,9026722,"Cu63","Chr01K",6380814,6384086,"Pavir.1KG086600","GO:0055114,GO:0016616,GO:0006694,GO:0003854","AT1G15950","ATCCR1,CCR1,IRX4","cinnamoyl coa reductase 1","LOC_Os02g08420","cinnamoyl CoA reductase, putative, expressed"
"Chr01K","1K@14.42",4128490,9026722,"Cu63","Chr01K",6998816,7001935,"Pavir.1KG086631","","","","","",""
"Chr01K","1K@14.42",4128490,9026722,"Cu63","Chr01K",6387034,6392800,"Pavir.1KG086900","GO:0055114,GO:0016616,GO:0006694,GO:0003854","AT1G15950","ATCCR1,CCR1,IRX4","cinnamoyl coa reductase 1","LOC_Os02g08420","cinnamoyl CoA reductase, putative, expressed"
"Chr01K","1K@14.42",4128490,9026722,"Cu63","Chr01K",6356788,6357376,"Pavir.1KG086954","","","","","LOC_Os11g41720","TNP1, putative, expressed"
"Chr01K","1K@14.42",4128490,9026722,"Cu63","Chr01K",6413116,6413749,"Pavir.1KG087000","","AT3G47680","","DNA binding","LOC_Os06g42890","DNA binding protein, putative, expressed"
"Chr01K","1K@14.42",4128490,9026722,"Cu63","Chr01K",6395811,6412290,"Pavir.1KG087277","","AT2G13770","","","",""
"Chr01K","1K@14.42",4128490,9026722,"Cu63","Chr01K",6458139,6459877,"Pavir.1KG087300","GO:0043565,GO:0006355,GO:0003700","AT1G80840","ATWRKY40,WRKY40","WRKY DNA-binding protein 40","LOC_Os02g08440","WRKY71, expressed"
"Chr01K","1K@14.42",4128490,9026722,"Cu63","Chr01K",6362351,6365155,"Pavir.1KG087331","GO:0008080","AT4G37580","COP3,HLS1,UNS2","Acyl-CoA N-acyltransferases (NAT) superfamily protein","LOC_Os06g44100","HLS, putative, expressed"
"Chr01K","1K@14.42",4128490,9026722,"Cu63","Chr01K",6423477,6424008,"Pavir.1KG087377","","","","","",""
"Chr01K","1K@14.42",4128490,9026722,"Cu63","Chr01K",6367555,6368522,"Pavir.1KG087708","GO:0008270,GO:0003676","AT1G34070","","","",""
"Chr01K","1K@14.42",4128490,9026722,"Cu63","Chr01K",6612451,6617580,"Pavir.1KG088000","GO:0000160","AT2G25180","ARR12,RR12","response regulator 12","LOC_Os02g08500","two-component response regulator, putative, expressed"
"Chr01K","1K@14.42",4128490,9026722,"Cu63","Chr01K",6645668,6646443,"Pavir.1KG088200","","AT5G10970","","C2H2 and C2HC zinc fingers superfamily protein","LOC_Os02g08510","ZOS2-04 - C2H2 zinc finger protein, expressed"
"Chr01K","1K@14.42",4128490,9026722,"Cu63","Chr01K",6472631,6475097,"Pavir.1KG088800","","","","","LOC_Os06g43990","expressed protein"
"Chr01K","1K@14.42",4128490,9026722,"Cu63","Chr01K",6475416,6479441,"Pavir.1KG088900","GO:0006511","AT2G21270","UFD1","ubiquitin fusion degradation 1","LOC_Os02g08480","ubiquitin fusion degradation protein, putative, expressed"
"Chr01K","1K@14.42",4128490,9026722,"Cu63","Chr01K",6498978,6504276,"Pavir.1KG089100","GO:0016887,GO:0005524,GO:0019538","AT2G25140","CLPB-M,CLPB4,HSP98.7","casein lytic proteinase B4","LOC_Os02g08490","chaperone protein clpB 1, putative, expressed"
"Chr01K","1K@14.42",4128490,9026722,"Cu63","Chr01K",6507376,6517409,"Pavir.1KG089477","GO:0017053,GO:0007049,GO:0006351","AT3G21430","ALY3,ATALY3","DNA binding","LOC_Os03g43800","DIRP family protein, putative, expressed"
"Chr01K","1K@14.42",4128490,9026722,"Cu63","Chr01K",6528099,6532853,"Pavir.1KG089500","GO:0000160","AT2G25180","ARR12,RR12","response regulator 12","LOC_Os02g08500","two-component response regulator, putative, expressed"
"Chr01K","1K@14.42",4128490,9026722,"Cu63","Chr01K",6647322,6650603,"Pavir.1KG089800","GO:0051603,GO:0005839,GO:0004298","AT1G21720","PBC1","proteasome beta subunit C1","LOC_Os02g08520","peptidase, T1 family, putative, expressed"
"Chr01K","1K@14.42",4128490,9026722,"Cu63","Chr01K",6517515,6521650,"Pavir.1KG089854","GO:0017053,GO:0007049,GO:0006351","AT3G21430","ALY3,ATALY3","DNA binding","LOC_Os03g43800","DIRP family protein, putative, expressed"
"Chr01K","1K@14.42",4128490,9026722,"Cu63","Chr01K",6569708,6574448,"Pavir.1KG089877","GO:0000160","AT2G25180","ARR12,RR12","response regulator 12","LOC_Os02g08500","two-component response regulator, putative, expressed"
"Chr01K","1K@14.42",4128490,9026722,"Cu63","Chr01K",6666606,6670135,"Pavir.1KG090000","GO:0006468,GO:0004672","AT2G25220","","Protein kinase superfamily protein","LOC_Os02g08530","protein kinase family protein, putative, expressed"
"Chr01K","1K@14.42",4128490,9026722,"Cu63","Chr01K",6695071,6700814,"Pavir.1KG090300","","","","","LOC_Os02g08540","expressed protein"
"Chr01K","1K@14.42",4128490,9026722,"Cu63","Chr01K",6704813,6708912,"Pavir.1KG090400","GO:0003677,GO:0005634,GO:0006355","AT5G25220","KNAT3","KNOTTED1-like homeobox gene 3","LOC_Os02g08544","homeobox protein knotted-1, putative, expressed"
"Chr01K","1K@14.42",4128490,9026722,"Cu63","Chr01K",6710043,6710883,"Pavir.1KG090500","","AT5G35090","","","LOC_Os06g43810","expressed protein"
"Chr01K","1K@14.42",4128490,9026722,"Cu63","Chr01K",7010711,7012595,"Pavir.1KG090600","GO:0050662,GO:0003824","AT1G61720","BAN","NAD(P)-binding Rossmann-fold superfamily protein","LOC_Os04g53810","leucoanthocyanidin reductase, putative, expressed"
"Chr01K","1K@14.42",4128490,9026722,"Cu63","Chr01K",7013131,7022693,"Pavir.1KG090700","GO:0016157,GO:0005985","AT5G20280","ATSPS1F,SPS1F","sucrose phosphate synthase 1F","LOC_Os02g09170","sucrose-phosphate synthase, putative, expressed"
"Chr01K","1K@14.42",4128490,9026722,"Cu63","Chr01K",7018801,7019331,"Pavir.1KG090800","","","","","",""
"Chr01K","1K@14.42",4128490,9026722,"Cu63","Chr01K",7019427,7019858,"Pavir.1KG090900","","","","","",""
"Chr01K","1K@14.42",4128490,9026722,"Cu63","Chr01K",7024957,7028595,"Pavir.1KG091000","GO:0005515","AT5G32440","","Ubiquitin system component Cue protein","LOC_Os02g09180","CUE domain containing protein, expressed"
"Chr01K","1K@14.42",4128490,9026722,"Cu63","Chr01K",7083281,7085458,"Pavir.1KG091100","GO:0055114,GO:0020037,GO:0016705,GO:0005506","AT1G13080","CYP71B2","cytochrome P450, family 71, subfamily B, polypeptide 2","LOC_Os02g09200","cytochrome P450 71D10, putative, expressed"
"Chr01K","1K@14.42",4128490,9026722,"Cu63","Chr01K",7019931,7020371,"Pavir.1KG091277","","","","","",""
"Chr01K","1K@14.42",4128490,9026722,"Cu63","Chr01K",7050345,7052702,"Pavir.1KG091300","GO:0055114,GO:0020037,GO:0016705,GO:0005506","AT3G26300","CYP71B34","cytochrome P450, family 71, subfamily B, polypeptide 34","LOC_Os02g09250","cytochrome P450 71D10, putative, expressed"
"Chr01K","1K@14.42",4128490,9026722,"Cu63","Chr01K",7030375,7031983,"Pavir.1KG091377","GO:0055114,GO:0020037,GO:0016705,GO:0005506","AT3G26300","CYP71B34","cytochrome P450, family 71, subfamily B, polypeptide 34","LOC_Os02g09200","cytochrome P450 71D10, putative, expressed"
"Chr01K","1K@14.42",4128490,9026722,"Cu63","Chr01K",7021230,7021757,"Pavir.1KG091654","","","","","",""
"Chr01K","1K@14.42",4128490,9026722,"Cu63","Chr01K",7105338,7109868,"Pavir.1KG091700","GO:0055114,GO:0020037,GO:0016705,GO:0005506","AT3G26300","CYP71B34","cytochrome P450, family 71, subfamily B, polypeptide 34","LOC_Os02g09250","cytochrome P450 71D10, putative, expressed"
"Chr01K","1K@14.42",4128490,9026722,"Cu63","Chr01K",7109812,7113309,"Pavir.1KG091800","","AT4G32190","","Myosin heavy chain-related protein","LOC_Os02g09340","expressed protein"
"Chr01K","1K@14.42",4128490,9026722,"Cu63","Chr01K",7120298,7122196,"Pavir.1KG092000","GO:0005515","AT4G00315","","F-box/RNI-like/FBD-like domains-containing protein","LOC_Os02g08160","OsFBD6 - F-box and FBD domain containing protein, expressed"
"Chr01K","1K@14.42",4128490,9026722,"Cu63","Chr01K",7123266,7127588,"Pavir.1KG092100","GO:0006468,GO:0004672","AT3G15890","","Protein kinase superfamily protein","LOC_Os02g09359","BRASSINOSTEROID INSENSITIVE 1-associated receptor kinase 1 precursor, putative, expressed"
"Chr01K","1K@14.42",4128490,9026722,"Cu63","Chr01K",7130592,7132993,"Pavir.1KG092200","","AT4G37090","","","LOC_Os02g09380","expressed protein"
"Chr01K","1K@14.42",4128490,9026722,"Cu63","Chr01K",7133426,7135325,"Pavir.1KG092300","GO:0055114,GO:0020037,GO:0016705,GO:0005506","AT3G26320","CYP71B36","cytochrome P450, family 71, subfamily B, polypeptide 36","LOC_Os02g09400","cytochrome P450, putative, expressed"
"Chr01K","1K@14.42",4128490,9026722,"Cu63","Chr01K",7137693,7139205,"Pavir.1KG092400","GO:0055114,GO:0020037,GO:0016705,GO:0005506","AT3G26330","CYP71B37","cytochrome P450, family 71, subfamily B, polypeptide 37","LOC_Os02g09410","cytochrome P450, putative, expressed"
"Chr01K","1K@14.42",4128490,9026722,"Cu63","Chr01K",7144793,7149655,"Pavir.1KG092700","GO:0019441,GO:0004061","AT4G35220","","Cyclase family protein","LOC_Os02g09420","cyclase family protein, putative, expressed"
"Chr01K","1K@14.42",4128490,9026722,"Cu63","Chr01K",7175435,7177908,"Pavir.1KG092800","GO:0019441,GO:0004061","AT4G35220","","Cyclase family protein","LOC_Os02g09420","cyclase family protein, putative, expressed"
"Chr01K","1K@14.42",4128490,9026722,"Cu63","Chr01K",7178245,7181467,"Pavir.1KG092900","","AT4G38040","","Exostosin family protein","LOC_Os02g09430","exostosin family domain containing protein, expressed"
"Chr01K","1K@14.42",4128490,9026722,"Cu63","Chr01K",7184757,7188512,"Pavir.1KG093000","","AT4G13150","","","LOC_Os02g09440","expressed protein"
"Chr01K","1K@14.42",4128490,9026722,"Cu63","Chr01K",7188806,7196059,"Pavir.1KG093100","GO:0008081,GO:0006629,GO:0008889","AT5G58170","SVL5","SHV3-like 5","LOC_Os02g09450","glycerophosphoryl diester phosphodiesterase family protein, putative, expressed"
"Chr01K","1K@14.42",4128490,9026722,"Cu63","Chr01K",7196382,7198526,"Pavir.1KG093200","","AT1G21065","","","LOC_Os02g09460","GA16396-PA, putative, expressed"
"Chr01K","1K@14.42",4128490,9026722,"Cu63","Chr01K",7200120,7203259,"Pavir.1KG093300","","AT2G15290","ATTIC21,CIA5,PIC1,TIC21","translocon at inner membrane of chloroplasts 21","LOC_Os02g09470","tic21, putative, expressed"
"Chr01K","1K@14.42",4128490,9026722,"Cu63","Chr01K",7209984,7211088,"Pavir.1KG093500","","AT4G37260","ATMYB73,MYB73","myb domain protein 73","LOC_Os02g09480","myb-like DNA-binding domain containing protein, putative, expressed"
"Chr01K","1K@14.42",4128490,9026722,"Cu63","Chr01K",7213603,7218184,"Pavir.1KG093600","GO:0055114,GO:0016491,GO:0008270","AT3G19450","ATCAD4,CAD,CAD-C,CAD4","GroES-like zinc-binding alcohol dehydrogenase family protein","LOC_Os02g09490","dehydrogenase, putative, expressed"
"Chr01K","1K@14.42",4128490,9026722,"Cu63","Chr01K",7227682,7229390,"Pavir.1KG093700","GO:0016758,GO:0008152","AT4G15480","UGT84A1","UDP-Glycosyltransferase superfamily protein","LOC_Os02g09510","limonoid UDP-glucosyltransferase, putative, expressed"
"Chr01K","1K@14.42",4128490,9026722,"Cu63","Chr01K",7231901,7235217,"Pavir.1KG093900","","","","","LOC_Os12g07390","expressed protein"
"Chr01K","1K@14.42",4128490,9026722,"Cu63","Chr01K",7266849,7268826,"Pavir.1KG094000","GO:0016758,GO:0008152","AT4G15480","UGT84A1","UDP-Glycosyltransferase superfamily protein","LOC_Os02g09510","limonoid UDP-glucosyltransferase, putative, expressed"
"Chr01K","1K@14.42",4128490,9026722,"Cu63","Chr01K",7281091,7283917,"Pavir.1KG094100","","AT1G80060","","Ubiquitin-like superfamily protein","LOC_Os02g09530","expressed protein"
"Chr01K","1K@14.42",4128490,9026722,"Cu63","Chr01K",7288168,7289185,"Pavir.1KG094300","","","","","LOC_Os02g09540","expressed protein"
"Chr01K","1K@14.42",4128490,9026722,"Cu63","Chr01K",7280257,7281156,"Pavir.1KG094377","","","","","",""
"Chr01K","1K@14.42",4128490,9026722,"Cu63","Chr01K",7289983,7291839,"Pavir.1KG094400","GO:0006412,GO:0005840,GO:0003735","AT3G27160","GHS1","Ribosomal protein S21 family protein","LOC_Os02g09590","ribosome, putative, expressed"
"Chr01K","1K@14.42",4128490,9026722,"Cu63","Chr01K",7296273,7297119,"Pavir.1KG094600","","","","","",""
"Chr01K","1K@14.42",4128490,9026722,"Cu63","Chr01K",7299423,7301033,"Pavir.1KG094900","GO:0016592,GO:0006357,GO:0001104","AT3G01435","","Expressed protein","LOC_Os02g09600","expressed protein"
"Chr01K","1K@14.42",4128490,9026722,"Cu63","Chr01K",7302092,7303822,"Pavir.1KG095000","","","","","LOC_Os03g46510","OsFBX103 - F-box domain containing protein, expressed"
"Chr01K","1K@14.42",4128490,9026722,"Cu63","Chr01K",7306276,7307899,"Pavir.1KG095100","GO:0016788","AT2G04570","","GDSL-like Lipase/Acylhydrolase superfamily protein","LOC_Os02g09610","GDSL-like lipase/acylhydrolase, putative, expressed"
"Chr01K","1K@14.42",4128490,9026722,"Cu63","Chr01K",7329699,7332146,"Pavir.1KG095400","","AT5G45480","","Protein of unknown function (DUF594)","LOC_Os07g17050","retrotransposon protein, putative, unclassified, expressed"
"Chr01K","1K@14.42",4128490,9026722,"Cu63","Chr01K",7310378,7312439,"Pavir.1KG095477","","","","","",""
"Chr01K","1K@14.42",4128490,9026722,"Cu63","Chr01K",7352582,7354156,"Pavir.1KG095500","GO:0016747","AT5G39080","","HXXXD-type acyl-transferase family protein","LOC_Os06g05320","transferase family protein, putative, expressed"
"Chr01K","1K@14.42",4128490,9026722,"Cu63","Chr01K",7363455,7364311,"Pavir.1KG095600","","AT1G76600","","","LOC_Os02g09980","expressed protein"
"Chr01K","1K@14.42",4128490,9026722,"Cu63","Chr01K",7375176,7377126,"Pavir.1KG095700","GO:0006468,GO:0005524,GO:0004672","AT2G33580","","Protein kinase superfamily protein","LOC_Os02g09960","LYK8, putative, expressed"
"Chr01K","1K@14.42",4128490,9026722,"Cu63","Chr01K",7384363,7385486,"Pavir.1KG095800","","","","","",""
"Chr01K","1K@14.42",4128490,9026722,"Cu63","Chr01K",7320860,7325249,"Pavir.1KG095854","","AT5G45480","","Protein of unknown function (DUF594)","LOC_Os10g10480","expressed protein"
"Chr01K","1K@14.42",4128490,9026722,"Cu63","Chr01K",7418548,7427182,"Pavir.1KG096000","","AT2G42990","","GDSL-like Lipase/Acylhydrolase superfamily protein","LOC_Os06g43044","GDSL-like lipase/acylhydrolase, putative, expressed"
"Chr01K","1K@14.42",4128490,9026722,"Cu63","Chr01K",7386074,7387161,"Pavir.1KG096177","","","","","",""
"Chr01K","1K@14.42",4128490,9026722,"Cu63","Chr01K",7427211,7430866,"Pavir.1KG096377","","","","","LOC_Os06g13750","expressed protein"
"Chr01K","1K@14.42",4128490,9026722,"Cu63","Chr01K",7431829,7436101,"Pavir.1KG096400","","","","","LOC_Os02g09630","GA20292-PA, putative, expressed"
"Chr01K","1K@14.42",4128490,9026722,"Cu63","Chr01K",7440093,7441404,"Pavir.1KG096500","GO:0006355,GO:0003700","AT1G50640","ATERF3,ERF3","ethylene responsive element binding factor 3","LOC_Os02g09650","AP2 domain containing protein, expressed"
"Chr01K","1K@14.42",4128490,9026722,"Cu63","Chr01K",7445019,7447423,"Pavir.1KG096600","","","","","LOC_Os12g18260","zinc knuckle domain containing protein, expressed"
"Chr01K","1K@14.42",4128490,9026722,"Cu63","Chr01K",7436577,7437199,"Pavir.1KG096777","","","","","",""
"Chr01K","1K@14.42",4128490,9026722,"Cu63","Chr01K",7442091,7443067,"Pavir.1KG096877","","","","","LOC_Os01g50360","NAC domain containing protein, putative, expressed"
"Chr01K","1K@14.42",4128490,9026722,"Cu63","Chr01K",7456132,7461837,"Pavir.1KG096900","GO:0016887,GO:0005524,GO:0055085,GO:0042626,GO:0016021,GO:0006810","AT3G28345","","ABC transporter family protein","LOC_Os02g09720","multidrug resistance protein, putative, expressed"
"Chr01K","1K@14.42",4128490,9026722,"Cu63","Chr01K",7464678,7474649,"Pavir.1KG097277","GO:0016887,GO:0005524,GO:0055085,GO:0042626,GO:0016021,GO:0006810","AT3G28345","","ABC transporter family protein","LOC_Os02g09720","multidrug resistance protein, putative, expressed"
"Chr01K","1K@14.42",4128490,9026722,"Cu63","Chr01K",7497464,7503863,"Pavir.1KG097300","GO:0005515,GO:0006468,GO:0004672","AT4G22130","SRF8","STRUBBELIG-receptor family 8","LOC_Os02g09740","STRUBBELIG-RECEPTOR FAMILY 7 precursor, putative, expressed"
"Chr01K","1K@14.42",4128490,9026722,"Cu63","Chr01K",7503142,7505790,"Pavir.1KG097400","GO:0016705,GO:0016117","AT3G10230","LYC","lycopene cyclase","LOC_Os02g09750","lycopene beta cyclase, chloroplast precursor, putative, expressed"
"Chr01K","1K@14.42",4128490,9026722,"Cu63","Chr01K",7506477,7508054,"Pavir.1KG097500","","","","","LOC_Os02g09760","expressed protein"
"Chr01K","1K@14.42",4128490,9026722,"Cu63","Chr01K",7510020,7514925,"Pavir.1KG097700","","AT3G30380","","alpha/beta-Hydrolases superfamily protein","LOC_Os02g09770","abhydrolase domain-containing protein FAM108C1, putative, expressed"
"Chr01K","1K@14.42",4128490,9026722,"Cu63","Chr01K",7517106,7519491,"Pavir.1KG097800","","AT5G49550","","","LOC_Os02g09780","phytoene dehydrogenase-like, putative, expressed"
"Chr01K","1K@14.42",4128490,9026722,"Cu63","Chr01K",7521478,7525307,"Pavir.1KG097900","GO:0043531","AT3G07040","RPM1,RPS3","NB-ARC domain-containing disease resistance protein","LOC_Os02g09790","disease resistance protein RPM1, putative, expressed"
"Chr01K","1K@14.42",4128490,9026722,"Cu63","Chr01K",7549911,7550891,"Pavir.1KG098200","GO:0043565,GO:0006355,GO:0003700","AT3G30530","ATBZIP42,bZIP42","basic leucine-zipper 42","LOC_Os02g09830","bZIP transcription factor domain containing protein, expressed"
"Chr01K","1K@14.42",4128490,9026722,"Cu63","Chr01K",7553228,7559192,"Pavir.1KG098300","","AT5G28850","","Calcium-binding EF-hand family protein","LOC_Os02g09840","serine/threonine-protein phosphatase 2A regulatory subunit B subunitbeta, putative, expressed"
"Chr01K","1K@14.42",4128490,9026722,"Cu63","Chr01K",7564425,7565275,"Pavir.1KG098400","","AT2G24762","AtGDU4,GDU4","glutamine dumper 4","LOC_Os02g09850","expressed protein"
"Chr01K","1K@14.42",4128490,9026722,"Cu63","Chr01K",7623737,7647274,"Pavir.1KG098700","GO:0005515","AT3G01460","ATMBD9,MBD9","methyl-CPG-binding domain 9","LOC_Os02g09920","PHD-finger domain containing protein, putative, expressed"
"Chr01K","1K@14.42",4128490,9026722,"Cu63","Chr01K",7566381,7570110,"Pavir.1KG098777","","","","","",""
"Chr01K","1K@14.42",4128490,9026722,"Cu63","Chr01K",7649629,7656663,"Pavir.1KG098900","","AT5G03760","ATCSLA09,ATCSLA9,CSLA09,CSLA9,RAT4","Nucleotide-diphospho-sugar transferases superfamily protein","LOC_Os02g09930","CSLA1 - cellulose synthase-like family A; mannan synthase, expressed"
"Chr01K","1K@14.42",4128490,9026722,"Cu63","Chr01K",7710828,7711433,"Pavir.1KG099100","","AT1G76600","","","LOC_Os02g09980","expressed protein"
"Chr01K","1K@14.42",4128490,9026722,"Cu63","Chr01K",7577104,7577941,"Pavir.1KG099154","","","","","",""
"Chr01K","1K@14.42",4128490,9026722,"Cu63","Chr01K",7775021,7791104,"Pavir.1KG099200","","AT1G76590","","PLATZ transcription factor family protein","LOC_Os06g41930","zinc-binding protein, putative, expressed"
"Chr01K","1K@14.42",4128490,9026722,"Cu63","Chr01K",7667455,7668459,"Pavir.1KG099277","GO:0055114,GO:0016491,GO:0016209","AT3G52960","","Thioredoxin superfamily protein","LOC_Os02g09940","peroxiredoxin, putative, expressed"
"Chr01K","1K@14.42",4128490,9026722,"Cu63","Chr01K",7796223,7802511,"Pavir.1KG099400","","AT1G76590","","PLATZ transcription factor family protein","LOC_Os06g41930","zinc-binding protein, putative, expressed"
"Chr01K","1K@14.42",4128490,9026722,"Cu63","Chr01K",7723769,7728631,"Pavir.1KG099477","","AT1G76590","","PLATZ transcription factor family protein","LOC_Os06g41930","zinc-binding protein, putative, expressed"
"Chr01K","1K@14.42",4128490,9026722,"Cu63","Chr01K",7589219,7594497,"Pavir.1KG099531","GO:0006468,GO:0005524,GO:0004672","AT1G14390","","Leucine-rich repeat protein kinase family protein","LOC_Os06g38970","expressed protein"
"Chr01K","1K@14.42",4128490,9026722,"Cu63","Chr01K",7888790,7891797,"Pavir.1KG099600","GO:0007094","AT2G33560","BUBR1","BUB1-related (BUB1: budding uninhibited by benzymidazol 1)","LOC_Os02g10020","Mad3/BUB1 homology region 1 domain containing protein, expressed"
"Chr01K","1K@14.42",4128490,9026722,"Cu63","Chr01K",7672033,7674234,"Pavir.1KG099654","GO:0006468,GO:0004672","AT2G33580","","Protein kinase superfamily protein","LOC_Os02g09960","LYK8, putative, expressed"
"Chr01K","1K@14.42",4128490,9026722,"Cu63","Chr01K",7892046,7893397,"Pavir.1KG099700","","","","","LOC_Os02g10030","expressed protein"
"Chr01K","1K@14.42",4128490,9026722,"Cu63","Chr01K",7807870,7811903,"Pavir.1KG099777","","AT1G76590","","PLATZ transcription factor family protein","LOC_Os06g41930","zinc-binding protein, putative, expressed"
"Chr01K","1K@14.42",4128490,9026722,"Cu63","Chr01K",7893883,7901913,"Pavir.1KG099800","GO:0032012,GO:0005086","AT4G38200","","SEC7-like guanine nucleotide exchange family protein","LOC_Os03g14260","guanine nucleotide exchange family protein, putative, expressed"
"Chr01K","1K@14.42",4128490,9026722,"Cu63","Chr01K",7743848,7749024,"Pavir.1KG099854","","AT1G76590","","PLATZ transcription factor family protein","LOC_Os06g41930","zinc-binding protein, putative, expressed"
"Chr01K","1K@14.42",4128490,9026722,"Cu63","Chr01K",7905134,7909179,"Pavir.1KG099900","","","","","",""
"Chr01K","1K@14.42",4128490,9026722,"Cu63","Chr01K",7604274,7604504,"Pavir.1KG099908","","","","","LOC_Os06g42620","expressed protein"
"Chr01K","1K@14.42",4128490,9026722,"Cu63","Chr01K",7910849,7916917,"Pavir.1KG100000","","AT2G22370","","","LOC_Os02g10050","expressed protein"
"Chr01K","1K@14.42",4128490,9026722,"Cu63","Chr01K",7817035,7823283,"Pavir.1KG100154","","AT1G76590","","PLATZ transcription factor family protein","LOC_Os06g41930","zinc-binding protein, putative, expressed"
"Chr01K","1K@14.42",4128490,9026722,"Cu63","Chr01K",7919157,7921872,"Pavir.1KG100200","GO:0043565,GO:0006355,GO:0003700","AT1G42990","ATBZIP60,BZIP60","basic region/leucine zipper motif 60","LOC_Os06g41770","bZIP transcription factor domain containing protein, expressed"
"Chr01K","1K@14.42",4128490,9026722,"Cu63","Chr01K",7766760,7771528,"Pavir.1KG100231","","AT1G76590","","PLATZ transcription factor family protein","LOC_Os02g46610","zinc-binding protein, putative, expressed"
"Chr01K","1K@14.42",4128490,9026722,"Cu63","Chr01K",7608058,7617094,"Pavir.1KG100285","","AT1G67170","","","LOC_Os02g09890","protein kinase PKN/PRK1, effector, putative, expressed"
"Chr01K","1K@14.42",4128490,9026722,"Cu63","Chr01K",7922081,7926249,"Pavir.1KG100300","GO:0005515","AT2G33610","ATSWI3B,CHB2,SWI3B","switch subunit 3","LOC_Os02g10060","SWIRM domain containing protein, expressed"
"Chr01K","1K@14.42",4128490,9026722,"Cu63","Chr01K",7912338,7913156,"Pavir.1KG100377","","","","","",""
"Chr01K","1K@14.42",4128490,9026722,"Cu63","Chr01K",7828547,7832345,"Pavir.1KG100531","","AT1G76590","","PLATZ transcription factor family protein","LOC_Os06g41930","zinc-binding protein, putative, expressed"
"Chr01K","1K@14.42",4128490,9026722,"Cu63","Chr01K",7936189,7937231,"Pavir.1KG100600","","","","","LOC_Os11g40910","hypothetical protein"
"Chr01K","1K@14.42",4128490,9026722,"Cu63","Chr01K",7925918,7938076,"Pavir.1KG100677","","","","","",""
"Chr01K","1K@14.42",4128490,9026722,"Cu63","Chr01K",7938351,7939614,"Pavir.1KG100700","","","","","",""
"Chr01K","1K@14.42",4128490,9026722,"Cu63","Chr01K",7917655,7919089,"Pavir.1KG100754","","","","","",""
"Chr01K","1K@14.42",4128490,9026722,"Cu63","Chr01K",7941863,7943449,"Pavir.1KG100800","","AT5G08020","ATRPA70B,RPA70B","RPA70-kDa subunit B","LOC_Os03g08400","retrotransposon protein, putative, unclassified, expressed"
"Chr01K","1K@14.42",4128490,9026722,"Cu63","Chr01K",7838862,7843673,"Pavir.1KG100908","","AT1G76590","","PLATZ transcription factor family protein","LOC_Os02g46610","zinc-binding protein, putative, expressed"
"Chr01K","1K@14.42",4128490,9026722,"Cu63","Chr01K",7964501,7973034,"Pavir.1KG101000","","AT1G30890","","Integral membrane HRF1 family protein","LOC_Os06g41590","YIF1B, putative, expressed"
"Chr01K","1K@14.42",4128490,9026722,"Cu63","Chr01K",7930153,7933391,"Pavir.1KG101054","","","","","",""
"Chr01K","1K@14.42",4128490,9026722,"Cu63","Chr01K",7974821,7976966,"Pavir.1KG101200","GO:0005515","AT4G14103","","F-box/RNI-like superfamily protein","LOC_Os10g03870","OsFBX353 - F-box domain containing protein, expressed"
"Chr01K","1K@14.42",4128490,9026722,"Cu63","Chr01K",7853019,7856821,"Pavir.1KG101285","","AT1G76590","","PLATZ transcription factor family protein","LOC_Os06g41930","zinc-binding protein, putative, expressed"
"Chr01K","1K@14.42",4128490,9026722,"Cu63","Chr01K",7982968,7990001,"Pavir.1KG101300","GO:0046912","AT2G44350","ATCS,CSY4","Citrate synthase family protein","LOC_Os11g33240","citrate synthase, putative, expressed"
"Chr01K","1K@14.42",4128490,9026722,"Cu63","Chr01K",7991444,7996010,"Pavir.1KG101400","GO:0030915,GO:0006281,GO:0005634","AT1G51130","","Nse4, component of Smc5/6 DNA repair complex","LOC_Os02g10090","expressed protein"
"Chr01K","1K@14.42",4128490,9026722,"Cu63","Chr01K",7997023,8000878,"Pavir.1KG101500","GO:0005515","AT5G07280","EMS1,EXS","Leucine-rich repeat transmembrane protein kinase","LOC_Os01g68870","leucine-rich repeat receptor protein kinase EXS precursor, putative, expressed"
"Chr01K","1K@14.42",4128490,9026722,"Cu63","Chr01K",8033433,8036988,"Pavir.1KG101600","GO:0005515,GO:0006468,GO:0004672","AT5G07280","EMS1,EXS","Leucine-rich repeat transmembrane protein kinase","LOC_Os01g68870","leucine-rich repeat receptor protein kinase EXS precursor, putative, expressed"
"Chr01K","1K@14.42",4128490,9026722,"Cu63","Chr01K",7863612,7867876,"Pavir.1KG101662","","AT1G76590","","PLATZ transcription factor family protein","LOC_Os02g46610","zinc-binding protein, putative, expressed"
"Chr01K","1K@14.42",4128490,9026722,"Cu63","Chr01K",8049484,8056786,"Pavir.1KG101700","GO:0005515,GO:0006468,GO:0004672","AT4G22130","SRF8","STRUBBELIG-receptor family 8","LOC_Os02g10110","Leucine Rich Repeat family protein, expressed"
"Chr01K","1K@14.42",4128490,9026722,"Cu63","Chr01K",8056618,8060351,"Pavir.1KG101800","GO:0005515,GO:0055114,GO:0046872,GO:0016702","AT3G45140","ATLOX2,LOX2","lipoxygenase 2","LOC_Os02g10120","lipoxygenase, putative, expressed"
"Chr01K","1K@14.42",4128490,9026722,"Cu63","Chr01K",8037645,8038057,"Pavir.1KG101977","","","","","",""
"Chr01K","1K@14.42",4128490,9026722,"Cu63","Chr01K",8076250,8085807,"Pavir.1KG102000","","AT3G57890","","Tubulin binding cofactor C domain-containing protein","LOC_Os02g10130","tubulin binding cofactor C, putative, expressed"
"Chr01K","1K@14.42",4128490,9026722,"Cu63","Chr01K",8195361,8202715,"Pavir.1KG102300","GO:0019867","AT5G19620","ATOEP80,EMB213,OEP80,TOC75","outer envelope protein of 80 kDa","LOC_Os02g10260","outer membrane protein, OMP85 family protein, expressed"
"Chr01K","1K@14.42",4128490,9026722,"Cu63","Chr01K",8134494,8140168,"Pavir.1KG102377","GO:0043565,GO:0006355,GO:0003700,GO:0006351","AT5G06839","bZIP65,TGA10","bZIP transcription factor family protein","LOC_Os09g10840","transcription factor, putative, expressed"
"Chr01K","1K@14.42",4128490,9026722,"Cu63","Chr01K",8211255,8211590,"Pavir.1KG102400","","","","","",""
"Chr01K","1K@14.42",4128490,9026722,"Cu63","Chr01K",8204799,8207544,"Pavir.1KG102677","","","","","LOC_Os08g36820","expressed protein"
"Chr01K","1K@14.42",4128490,9026722,"Cu63","Chr01K",8139662,8144347,"Pavir.1KG102754","","AT3G12150","","","LOC_Os02g10160","AGAP003371-PA, putative, expressed"
"Chr01K","1K@14.42",4128490,9026722,"Cu63","Chr01K",8211904,8226828,"Pavir.1KG102777","GO:0046872,GO:0030001,GO:0000166","AT1G63440","HMA5","heavy metal atpase 5","LOC_Os02g10290","copper-transporting ATPase, putative, expressed"
"Chr01K","1K@14.42",4128490,9026722,"Cu63","Chr01K",8227080,8228809,"Pavir.1KG102800","","AT3G07820","","Pectin lyase-like superfamily protein","LOC_Os02g10300","polygalacturonase, putative, expressed"
"Chr01K","1K@14.42",4128490,9026722,"Cu63","Chr01K",8241247,8246010,"Pavir.1KG103100","","","","","LOC_Os01g35580","expressed protein"
"Chr01K","1K@14.42",4128490,9026722,"Cu63","Chr01K",8147205,8153967,"Pavir.1KG103131","","AT5G12950","","Putative glycosyl hydrolase of unknown function (DUF1680)","LOC_Os02g10190","DUF1680 domain containing protein, putative, expressed"
"Chr01K","1K@14.42",4128490,9026722,"Cu63","Chr01K",8215538,8216047,"Pavir.1KG103154","","","","","",""
"Chr01K","1K@14.42",4128490,9026722,"Cu63","Chr01K",8229020,8231416,"Pavir.1KG103177","GO:0008152,GO:0003824,GO:0009072,GO:0004334","AT1G12050","","fumarylacetoacetase, putative","LOC_Os02g10310","fumarylacetoacetase, putative, expressed"
"Chr01K","1K@14.42",4128490,9026722,"Cu63","Chr01K",8268042,8269992,"Pavir.1KG103200","","AT3G42170","","BED zinc finger ;hAT family dimerisation domain","LOC_Os11g36790","OsFBO6 - F-box and other domain containing protein, expressed"
"Chr01K","1K@14.42",4128490,9026722,"Cu63","Chr01K",8341017,8344588,"Pavir.1KG103400","GO:0009072,GO:0004334,GO:0008152,GO:0003824","AT1G12050","","fumarylacetoacetase, putative","LOC_Os02g10310","fumarylacetoacetase, putative, expressed"
"Chr01K","1K@14.42",4128490,9026722,"Cu63","Chr01K",8265004,8265420,"Pavir.1KG103477","","","","","",""
"Chr01K","1K@14.42",4128490,9026722,"Cu63","Chr01K",8345194,8349381,"Pavir.1KG103500","","AT2G04540","","Beta-ketoacyl synthase","LOC_Os02g10320","3-oxoacyl-synthase, putative, expressed"
"Chr01K","1K@14.42",4128490,9026722,"Cu63","Chr01K",8154581,8154832,"Pavir.1KG103508","","","","","",""
"Chr01K","1K@14.42",4128490,9026722,"Cu63","Chr01K",8232828,8233777,"Pavir.1KG103554","GO:0009072,GO:0004334","AT1G12050","","fumarylacetoacetase, putative","LOC_Os02g10310","fumarylacetoacetase, putative, expressed"
"Chr01K","1K@14.42",4128490,9026722,"Cu63","Chr01K",8269993,8270955,"Pavir.1KG103577","GO:0006412,GO:0005840,GO:0005622,GO:0003735","AT3G61110","ARS27A,RS27A","ribosomal protein S27","LOC_Os04g27860","40S ribosomal protein S27, putative, expressed"
"Chr01K","1K@14.42",4128490,9026722,"Cu63","Chr01K",8363982,8364505,"Pavir.1KG103800","","AT3G15395","","","LOC_Os02g10370","hrpN-interacting protein from Malus, putative, expressed"
"Chr01K","1K@14.42",4128490,9026722,"Cu63","Chr01K",8265430,8272205,"Pavir.1KG103854","","","","","",""
"Chr01K","1K@14.42",4128490,9026722,"Cu63","Chr01K",8350003,8355247,"Pavir.1KG103877","","AT1G55580","LAS,SCL18","GRAS family transcription factor","LOC_Os02g10360","MONOCULM 1, putative, expressed"
"Chr01K","1K@14.42",4128490,9026722,"Cu63","Chr01K",8154841,8156400,"Pavir.1KG103885","GO:0008270,GO:0003677","AT1G51200","","A20/AN1-like zinc finger family protein","LOC_Os02g10200","zinc finger A20 and AN1 domain-containing stress-associated protein, putative, expressed"
"Chr01K","1K@14.42",4128490,9026722,"Cu63","Chr01K",8364709,8367798,"Pavir.1KG103900","","AT5G48330","","Regulator of chromosome condensation (RCC1) family protein","LOC_Os02g10380","Regulator of chromosome condensation domain containing protein, expressed"
"Chr01K","1K@14.42",4128490,9026722,"Cu63","Chr01K",8301183,8301918,"Pavir.1KG103954","","","","","",""
"Chr01K","1K@14.42",4128490,9026722,"Cu63","Chr01K",8368280,8373438,"Pavir.1KG104000","","AT1G11755","LEW1","Undecaprenyl pyrophosphate synthetase family protein","LOC_Os02g10400","expressed protein"
"Chr01K","1K@14.42",4128490,9026722,"Cu63","Chr01K",8386683,8392691,"Pavir.1KG104200","","AT4G17150","","alpha/beta-Hydrolases superfamily protein","LOC_Os02g10440","protein with a conserved N-terminal region, putative, expressed"
"Chr01K","1K@14.42",4128490,9026722,"Cu63","Chr01K",8356394,8358701,"Pavir.1KG104254","","","","","",""
"Chr01K","1K@14.42",4128490,9026722,"Cu63","Chr01K",8159149,8163693,"Pavir.1KG104262","","AT3G12170","","Chaperone DnaJ-domain superfamily protein","LOC_Os02g10220","heat shock protein DnaJ, putative, expressed"
"Chr01K","1K@14.42",4128490,9026722,"Cu63","Chr01K",8394213,8398446,"Pavir.1KG104300","GO:0005509","AT4G26470","","Calcium-binding EF-hand family protein","LOC_Os02g10470","EF hand family protein, putative, expressed"
"Chr01K","1K@14.42",4128490,9026722,"Cu63","Chr01K",8308934,8315547,"Pavir.1KG104331","","","","","LOC_Os01g35580","expressed protein"
"Chr01K","1K@14.42",4128490,9026722,"Cu63","Chr01K",8385976,8386299,"Pavir.1KG104377","","","","","",""
"Chr01K","1K@14.42",4128490,9026722,"Cu63","Chr01K",8409848,8412611,"Pavir.1KG104600","GO:0005515","AT4G21160","AGD12,ZAC","Calcium-dependent ARF-type GTPase activating protein family","LOC_Os02g10480","stromal membrane-associated protein, putative, expressed"
"Chr01K","1K@14.42",4128490,9026722,"Cu63","Chr01K",8166954,8167229,"Pavir.1KG104639","","","","","",""
"Chr01K","1K@14.42",4128490,9026722,"Cu63","Chr01K",8396328,8397016,"Pavir.1KG104677","","","","","",""
"Chr01K","1K@14.42",4128490,9026722,"Cu63","Chr01K",8419828,8426717,"Pavir.1KG104700","","AT5G48310","","","LOC_Os02g10490","expressed protein"
"Chr01K","1K@14.42",4128490,9026722,"Cu63","Chr01K",8312488,8312637,"Pavir.1KG104708","","","","","",""
"Chr01K","1K@14.42",4128490,9026722,"Cu63","Chr01K",8427728,8427964,"Pavir.1KG104800","","","","","LOC_Os02g10500","expressed protein"
"Chr01K","1K@14.42",4128490,9026722,"Cu63","Chr01K",8431437,8437109,"Pavir.1KG104900","GO:0005515","AT3G13235","","ubiquitin family protein","LOC_Os02g10510","Ubiquitin family domain containing protein, expressed"
"Chr01K","1K@14.42",4128490,9026722,"Cu63","Chr01K",8438008,8443541,"Pavir.1KG105000","GO:0006508,GO:0004252","AT2G04160","AIR3","Subtilisin-like serine endopeptidase family protein","LOC_Os02g10520","OsSub12 - Putative Subtilisin homologue, expressed"
"Chr01K","1K@14.42",4128490,9026722,"Cu63","Chr01K",8401247,8402071,"Pavir.1KG105054","","","","","",""
"Chr01K","1K@14.42",4128490,9026722,"Cu63","Chr01K",8463115,8463894,"Pavir.1KG105100","","","","","",""
"Chr01K","1K@14.42",4128490,9026722,"Cu63","Chr01K",8465091,8466508,"Pavir.1KG105200","","AT4G12690","","Plant protein of unknown function (DUF868)","LOC_Os02g10530","expressed protein"
"Chr01K","1K@14.42",4128490,9026722,"Cu63","Chr01K",8491803,8494006,"Pavir.1KG105300","GO:0006412,GO:0003735","AT3G06040","","Ribosomal protein L12/ ATP-dependent Clp protease adaptor protein ClpS family protein","LOC_Os02g10540","ribosomal protein L7/L12 C-terminal domain containing protein, expressed"
"Chr01K","1K@14.42",4128490,9026722,"Cu63","Chr01K",8497022,8497579,"Pavir.1KG105400","GO:0006412,GO:0003735","AT3G06040","","Ribosomal protein L12/ ATP-dependent Clp protease adaptor protein ClpS family protein","LOC_Os02g10540","ribosomal protein L7/L12 C-terminal domain containing protein, expressed"
"Chr01K","1K@14.42",4128490,9026722,"Cu63","Chr01K",8509625,8511676,"Pavir.1KG105600","GO:0006457","AT4G26555","","FKBP-like peptidyl-prolyl cis-trans isomerase family protein","LOC_Os02g10590","peptidyl-prolyl cis-trans isomerase, FKBP-type, putative, expressed"
"Chr01K","1K@14.42",4128490,9026722,"Cu63","Chr01K",8513270,8516388,"Pavir.1KG105700","GO:0005515","AT4G12560","CPR30","F-box and associated interaction domains-containing protein","LOC_Os02g10600","OsFBA1 - F-box and FBA domain containing protein, expressed"
"Chr01K","1K@14.42",4128490,9026722,"Cu63","Chr01K",8506393,8506674,"Pavir.1KG105777","","","","","",""
"Chr01K","1K@14.42",4128490,9026722,"Cu63","Chr01K",8516603,8518157,"Pavir.1KG105800","","","","","LOC_Os04g18790","OsFBX126 - F-box domain containing protein, expressed"
"Chr01K","1K@14.42",4128490,9026722,"Cu63","Chr01K",8524811,8527251,"Pavir.1KG105900","","AT3G02490","","Pentatricopeptide repeat (PPR) superfamily protein","LOC_Os01g73950","PPR repeat containing protein, expressed"
"Chr01K","1K@14.42",4128490,9026722,"Cu63","Chr01K",8526967,8536865,"Pavir.1KG106100","GO:0005515","AT1G03370","","C2 calcium/lipid-binding and GRAM domain containing protein","LOC_Os02g10630","GRAM and C2 domains containing protein, putative, expressed"
"Chr01K","1K@14.42",4128490,9026722,"Cu63","Chr01K",8537169,8541938,"Pavir.1KG106200","GO:0009378,GO:0006310,GO:0006281","AT1G45000","","AAA-type ATPase family protein","LOC_Os02g10640","26S protease regulatory subunit, putative, expressed"
"Chr01K","1K@14.42",4128490,9026722,"Cu63","Chr01K",8545485,8545937,"Pavir.1KG106577","","","","","",""
"Chr01K","1K@14.42",4128490,9026722,"Cu63","Chr01K",8555844,8567038,"Pavir.1KG106600","","AT1G55840","","Sec14p-like phosphatidylinositol transfer family protein","LOC_Os02g10650","CRAL/TRIO domain containing protein, expressed"
"Chr01K","1K@14.42",4128490,9026722,"Cu63","Chr01K",8569865,8572611,"Pavir.1KG106700","GO:0005975,GO:0004553","AT3G15800","","Glycosyl hydrolase superfamily protein","LOC_Os02g10660","glycosyl hydrolases family 17, putative, expressed"
"Chr01K","1K@14.42",4128490,9026722,"Cu63","Chr01K",8588886,8593690,"Pavir.1KG106800","","AT4G32330","","TPX2 (targeting protein for Xklp2) protein family","LOC_Os02g10690","targeting protein for Xklp2, putative, expressed"
"Chr01K","1K@14.42",4128490,9026722,"Cu63","Chr01K",8619394,8620094,"Pavir.1KG107000","","","","","",""
"Chr01K","1K@14.42",4128490,9026722,"Cu63","Chr01K",8621952,8628027,"Pavir.1KG107100","","","","","",""
"Chr01K","1K@14.42",4128490,9026722,"Cu63","Chr01K",8694518,8698010,"Pavir.1KG107300","GO:0005515","AT2G25490","EBF1,FBL6","EIN3-binding F box protein 1","LOC_Os02g10700","OsFBL7 - F-box domain and LRR containing protein, expressed"
"Chr01K","1K@14.42",4128490,9026722,"Cu63","Chr01K",8704472,8706166,"Pavir.1KG107400","GO:0046983,GO:0008171","AT4G35160","","O-methyltransferase family protein","LOC_Os08g35310","O-methyltransferase, putative, expressed"
"Chr01K","1K@14.42",4128490,9026722,"Cu63","Chr01K",8714346,8717560,"Pavir.1KG107500","","AT5G17400","ER-ANT1","endoplasmic reticulum-adenine nucleotide transporter 1","LOC_Os11g43960","mitochondrial carrier protein, putative, expressed"
"Chr01K","1K@14.42",4128490,9026722,"Cu63","Chr01K",8733839,8736308,"Pavir.1KG107600","","AT1G52560","","HSP20-like chaperones superfamily protein","LOC_Os02g10710","hsp20/alpha crystallin family protein, putative, expressed"
"Chr01K","1K@14.42",4128490,9026722,"Cu63","Chr01K",8736384,8740602,"Pavir.1KG107700","","AT5G25360","","","LOC_Os02g10720","expressed protein"
"Chr01K","1K@14.42",4128490,9026722,"Cu63","Chr01K",8708274,8710025,"Pavir.1KG107777","GO:0008171","AT1G77520","","O-methyltransferase family protein","LOC_Os08g35310","O-methyltransferase, putative, expressed"
"Chr01K","1K@14.42",4128490,9026722,"Cu63","Chr01K",8741053,8742646,"Pavir.1KG107800","","","","","",""
"Chr01K","1K@14.42",4128490,9026722,"Cu63","Chr01K",8748085,8749073,"Pavir.1KG107900","","","","","",""
"Chr01K","1K@14.42",4128490,9026722,"Cu63","Chr01K",8751441,8752763,"Pavir.1KG108000","","AT1G52565","","","LOC_Os06g40210","expressed protein"
"Chr01K","1K@14.42",4128490,9026722,"Cu63","Chr01K",8713749,8714532,"Pavir.1KG108154","","","","","",""
"Chr01K","1K@14.42",4128490,9026722,"Cu63","Chr01K",8770136,8776314,"Pavir.1KG108300","","AT5G51050","","Mitochondrial substrate carrier family protein","LOC_Os02g10740","calcium-binding mitochondrial carrier CBG00135, putative, expressed"
"Chr01K","1K@14.42",4128490,9026722,"Cu63","Chr01K",8809666,8811267,"Pavir.1KG108677","","","","","",""
"Chr01K","1K@14.42",4128490,9026722,"Cu63","Chr01K",7530417,7531932,"Pavir.1KG114200","","AT3G30390","","Transmembrane amino acid transporter family protein","LOC_Os02g09810","amino acid transporter, putative, expressed"
"Chr01K","1K@14.42",4128490,9026722,"Cu63","Chr01K",9018235,9022488,"Pavir.1KG124800","GO:0055114,GO:0020037,GO:0016705,GO:0005506","AT2G26710","BAS1,CYP72B1,CYP734A1","Cytochrome P450 superfamily protein","LOC_Os02g11020","cytochrome P450 72A1, putative, expressed"
"Chr01K","1K@14.42",4128490,9026722,"Cu63","Chr01K",8990578,8994246,"Pavir.1KG125100","","AT3G15620","UVR3","DNA photolyase family protein","LOC_Os02g10990","FAD binding domain of DNA photolyase domain containing protein, expressed"
"Chr01K","1K@14.42",4128490,9026722,"Cu63","Chr01K",8977158,8988854,"Pavir.1KG125200","GO:0006457,GO:0003755,GO:0000413","AT3G63400","","Cyclophilin-like peptidyl-prolyl cis-trans isomerase family protein","LOC_Os02g10970","peptidyl-prolyl cis-trans isomerase, putative, expressed"
"Chr01K","1K@14.42",4128490,9026722,"Cu63","Chr01K",8972218,8972996,"Pavir.1KG125400","","","","","",""
"Chr01K","1K@14.42",4128490,9026722,"Cu63","Chr01K",8989068,8990155,"Pavir.1KG125577","","","","","LOC_Os12g31470","retrotransposon protein, putative, unclassified, expressed"
"Chr01K","1K@14.42",4128490,9026722,"Cu63","Chr01K",8963799,8968657,"Pavir.1KG125600","","AT5G65520","","Tetratricopeptide repeat (TPR)-like superfamily protein","LOC_Os02g10940","tetratricopeptide repeat domain containing protein, expressed"
"Chr01K","1K@14.42",4128490,9026722,"Cu63","Chr01K",8960954,8963400,"Pavir.1KG125700","","","","","",""
"Chr01K","1K@14.42",4128490,9026722,"Cu63","Chr01K",8930035,8936653,"Pavir.1KG125800","GO:0008270","AT3G15680","","Ran BP2/NZF zinc finger-like superfamily protein","LOC_Os02g10920","zinc finger family protein, putative, expressed"
"Chr01K","1K@14.42",4128490,9026722,"Cu63","Chr01K",8916763,8922072,"Pavir.1KG125900","GO:0043531","AT5G35450","","Disease resistance protein (CC-NBS-LRR class) family","LOC_Os02g10900","NB-ARC domain containing protein, expressed"
"Chr01K","1K@14.42",4128490,9026722,"Cu63","Chr01K",8916466,8917378,"Pavir.1KG126000","","AT1G80180","","","LOC_Os06g39912","expressed protein"
"Chr01K","1K@14.42",4128490,9026722,"Cu63","Chr01K",8912997,8915893,"Pavir.1KG126100","GO:0043565,GO:0006355,GO:0003700","AT5G11260","HY5,TED 5","Basic-leucine zipper (bZIP) transcription factor family protein","LOC_Os02g10860","bZIP transcription factor domain containing protein, expressed"
"Chr01K","1K@14.42",4128490,9026722,"Cu63","Chr01K",8900800,8903741,"Pavir.1KG126300","GO:0005515","AT1G55270","","Galactose oxidase/kelch repeat superfamily protein","LOC_Os02g10850","OsFBK3 - F-box domain and kelch repeat containing protein, expressed"
"Chr01K","1K@14.42",4128490,9026722,"Cu63","Chr01K",8893191,8896784,"Pavir.1KG126400","","AT2G25570","","binding","LOC_Os02g10820","Sel1 repeat domain containing protein, putative, expressed"
"Chr01K","1K@14.42",4128490,9026722,"Cu63","Chr01K",8888122,8891999,"Pavir.1KG126500","GO:0003676","AT2G34160","","Alba DNA/RNA-binding protein","LOC_Os06g40040","protein of unknown function domain containing protein, expressed"
"Chr01K","1K@14.42",4128490,9026722,"Cu63","Chr01K",8886020,8887967,"Pavir.1KG126600","","AT4G32400","ATBT1,EMB104,EMB42,SHS1","Mitochondrial substrate carrier family protein","LOC_Os02g10800","mitochondrial carrier protein, putative, expressed"
"Chr01K","1K@14.42",4128490,9026722,"Cu63","Chr01K",8906349,8907173,"Pavir.1KG126677","","","","","",""
"Chr01K","1K@14.42",4128490,9026722,"Cu63","Chr01K",8848634,8882370,"Pavir.1KG126700","GO:0005643","AT5G51200","","Protein of unknown function (DUF3414)","LOC_Os02g10790","expressed protein"
"Chr01K","1K@14.42",4128490,9026722,"Cu63","Chr01K",8844906,8847752,"Pavir.1KG126800","","AT5G20150","ATSPX1,SPX1","SPX  domain gene 1","LOC_Os06g40120","SPX domain containing protein, putative, expressed"
"Chr01K","1K@14.42",4128490,9026722,"Cu63","Chr01K",8826437,8829538,"Pavir.1KG126900","GO:0016787,GO:0005524,GO:0003677","AT3G02065","","P-loop containing nucleoside triphosphate hydrolases superfamily protein","LOC_Os02g10770","DEAD-box ATP-dependent RNA helicase 41, putative, expressed"
"Chr01K","1K@14.42",4128490,9026722,"Cu63","Chr01K",8819818,8820904,"Pavir.1KG127000","GO:0006355,GO:0003700","AT1G15360","SHN1,WIN1","Integrase-type DNA-binding superfamily protein","LOC_Os02g10760","AP2 domain containing protein, expressed"
"Chr01K","1K@14.42",4128490,9026722,"Cu63","Chr01K",8910122,8911396,"Pavir.1KG127054","","","","","",""
"Chr01K","1K@14.42",4128490,9026722,"Cu63","Chr01K",8829127,8829639,"Pavir.1KG127277","","","","","",""
"Chr01K","1K@14.42",4128490,9026722,"Cu63","Chr01K",8172975,8177691,"Pavir.1KG131700","","","","","",""
"Chr01K","1K@14.42",4128490,9026722,"Cu63","Chr01K",8175699,8176674,"Pavir.1KG131800","","","","","",""
"Chr01K","1K@14.42",4128490,9026722,"Cu63","Chr01K",8174077,8174830,"Pavir.1KG132077","","","","","",""
"Chr01K","1K@14.42",4128490,9026722,"Cu63","Chr01K",8177820,8178580,"Pavir.1KG132177","","AT2G41905","","","",""
"Chr01K","1K@14.42",4128490,9026722,"Cu63","Chr01K",8179509,8184539,"Pavir.1KG132554","GO:0055085,GO:0046873,GO:0030001,GO:0016020","AT3G20870","ZTP29","ZIP metal ion transporter family","LOC_Os02g10230","metal cation transporter, putative, expressed"
"Chr01K","1K@14.42",4128490,9026722,"Cu63","Chr01K",8185196,8194967,"Pavir.1KG132931","","AT4G14850","LOI1,MEF11","Pentatricopeptide repeat (PPR) superfamily protein","LOC_Os11g37330","pentatricopeptide repeat domain containing protein, putative, expressed"
"Chr01K","1K@14.42",4128490,9026722,"Cu63","Chr01K",7539332,7542250,"Pavir.1KG261800","","","","","LOC_Os03g07130","RING finger protein 13, putative, expressed"
